index,topic_idx
45654,3
45655,3
45656,1
45657,2
45658,3
45659,3
45660,5
45661,3
45662,2
45663,4
45664,6
45665,2
45666,4
45667,2
45668,6
45669,0
45670,3
45671,2
45672,4
45673,2
45674,4
45675,2
45676,4
45677,3
45678,0
45679,3
45680,6
45681,2
45682,2
45683,2
45684,3
45685,1
45686,2
45687,5
45688,2
45689,4
45690,5
45691,4
45692,6
45693,5
45694,5
45695,2
45696,5
45697,3
45698,0
45699,2
45700,3
45701,6
45702,3
45703,2
45704,0
45705,4
45706,6
45707,4
45708,5
45709,1
45710,6
45711,6
45712,3
45713,3
45714,4
45715,4
45716,4
45717,2
45718,3
45719,2
45720,2
45721,5
45722,2
45723,2
45724,3
45725,2
45726,3
45727,3
45728,2
45729,5
45730,3
45731,2
45732,2
45733,1
45734,3
45735,3
45736,1
45737,4
45738,6
45739,5
45740,6
45741,1
45742,6
45743,1
45744,5
45745,5
45746,4
45747,4
45748,4
45749,3
45750,2
45751,2
45752,0
45753,0
45754,5
45755,2
45756,4
45757,4
45758,5
45759,4
45760,3
45761,4
45762,3
45763,2
45764,2
45765,2
45766,2
45767,2
45768,3
45769,5
45770,3
45771,6
45772,1
45773,6
45774,5
45775,3
45776,6
45777,3
45778,2
45779,2
45780,2
45781,2
45782,0
45783,4
45784,0
45785,2
45786,6
45787,4
45788,2
45789,3
45790,3
45791,1
45792,3
45793,1
45794,2
45795,2
45796,2
45797,6
45798,4
45799,2
45800,1
45801,2
45802,3
45803,2
45804,2
45805,1
45806,3
45807,6
45808,6
45809,2
45810,2
45811,3
45812,2
45813,6
45814,0
45815,2
45816,3
45817,5
45818,5
45819,3
45820,2
45821,1
45822,2
45823,6
45824,0
45825,2
45826,2
45827,2
45828,3
45829,4
45830,2
45831,3
45832,6
45833,2
45834,5
45835,1
45836,5
45837,5
45838,2
45839,1
45840,2
45841,2
45842,3
45843,5
45844,5
45845,6
45846,0
45847,1
45848,2
45849,3
45850,6
45851,1
45852,3
45853,0
45854,1
45855,2
45856,4
45857,6
45858,5
45859,3
45860,5
45861,2
45862,2
45863,1
45864,1
45865,0
45866,3
45867,1
45868,1
45869,0
45870,4
45871,0
45872,6
45873,2
45874,4
45875,3
45876,5
45877,3
45878,0
45879,5
45880,0
45881,3
45882,6
45883,2
45884,4
45885,2
45886,2
45887,6
45888,4
45889,2
45890,5
45891,2
45892,5
45893,1
45894,2
45895,5
45896,2
45897,6
45898,0
45899,6
45900,6
45901,6
45902,6
45903,6
45904,2
45905,5
45906,2
45907,5
45908,5
45909,2
45910,5
45911,4
45912,5
45913,4
45914,5
45915,2
45916,2
45917,1
45918,3
45919,2
45920,2
45921,4
45922,2
45923,5
45924,6
45925,2
45926,2
45927,3
45928,6
45929,0
45930,3
45931,6
45932,2
45933,4
45934,4
45935,2
45936,4
45937,4
45938,4
45939,6
45940,3
45941,2
45942,6
45943,2
45944,2
45945,2
45946,2
45947,4
45948,5
45949,3
45950,4
45951,6
45952,2
45953,1
45954,2
45955,6
45956,1
45957,4
45958,6
45959,6
45960,3
45961,2
45962,1
45963,6
45964,4
45965,3
45966,5
45967,2
45968,0
45969,0
45970,3
45971,2
45972,2
45973,6
45974,5
45975,4
45976,1
45977,2
45978,4
45979,2
45980,1
45981,1
45982,4
45983,5
45984,0
45985,6
45986,4
45987,0
45988,6
45989,0
45990,1
45991,2
45992,4
45993,3
45994,3
45995,5
45996,2
45997,2
45998,3
45999,0
46000,4
46001,0
46002,4
46003,1
46004,1
46005,4
46006,2
46007,4
46008,3
46009,3
46010,5
46011,2
46012,5
46013,2
46014,2
46015,0
46016,2
46017,0
46018,4
46019,0
46020,0
46021,2
46022,2
46023,5
46024,0
46025,1
46026,6
46027,2
46028,6
46029,3
46030,4
46031,6
46032,5
46033,4
46034,4
46035,1
46036,3
46037,3
46038,2
46039,0
46040,1
46041,3
46042,2
46043,4
46044,3
46045,2
46046,3
46047,4
46048,4
46049,2
46050,5
46051,3
46052,2
46053,5
46054,4
46055,2
46056,3
46057,4
46058,5
46059,2
46060,4
46061,6
46062,1
46063,2
46064,5
46065,1
46066,5
46067,2
46068,5
46069,2
46070,5
46071,3
46072,5
46073,3
46074,2
46075,5
46076,4
46077,6
46078,6
46079,6
46080,6
46081,2
46082,4
46083,1
46084,6
46085,0
46086,2
46087,3
46088,5
46089,2
46090,2
46091,3
46092,6
46093,2
46094,2
46095,1
46096,5
46097,3
46098,4
46099,1
46100,3
46101,2
46102,3
46103,1
46104,2
46105,3
46106,1
46107,3
46108,3
46109,0
46110,5
46111,1
46112,2
46113,3
46114,5
46115,2
46116,3
46117,1
46118,1
46119,6
46120,1
46121,5
46122,2
46123,1
46124,2
46125,2
46126,3
46127,5
46128,2
46129,4
46130,5
46131,2
46132,6
46133,2
46134,5
46135,2
46136,2
46137,6
46138,6
46139,2
46140,4
46141,6
46142,2
46143,5
46144,4
46145,2
46146,2
46147,3
46148,1
46149,2
46150,4
46151,4
46152,6
46153,2
46154,3
46155,1
46156,5
46157,2
46158,2
46159,2
46160,1
46161,2
46162,1
46163,2
46164,1
46165,0
46166,6
46167,3
46168,6
46169,1
46170,2
46171,3
46172,2
46173,1
46174,2
46175,1
46176,0
46177,3
46178,2
46179,1
46180,6
46181,6
46182,4
46183,3
46184,2
46185,1
46186,1
46187,5
46188,2
46189,6
46190,1
46191,5
46192,6
46193,3
46194,1
46195,4
46196,6
46197,2
46198,4
46199,0
46200,3
46201,5
46202,3
46203,5
46204,6
46205,5
46206,0
46207,6
46208,0
46209,2
46210,6
46211,5
46212,2
46213,5
46214,3
46215,2
46216,2
46217,5
46218,1
46219,5
46220,2
46221,4
46222,0
46223,2
46224,2
46225,1
46226,6
46227,6
46228,1
46229,0
46230,2
46231,5
46232,6
46233,1
46234,4
46235,5
46236,3
46237,3
46238,4
46239,0
46240,6
46241,6
46242,5
46243,3
46244,2
46245,1
46246,4
46247,2
46248,6
46249,2
46250,1
46251,6
46252,2
46253,6
46254,1
46255,1
46256,5
46257,0
46258,6
46259,4
46260,4
46261,1
46262,3
46263,2
46264,2
46265,5
46266,1
46267,3
46268,2
46269,1
46270,0
46271,2
46272,3
46273,6
46274,6
46275,5
46276,3
46277,4
46278,0
46279,3
46280,2
46281,5
46282,1
46283,5
46284,6
46285,2
46286,6
46287,4
46288,2
46289,5
46290,1
46291,3
46292,2
46293,3
46294,2
46295,2
46296,6
46297,3
46298,4
46299,0
46300,3
46301,2
46302,1
46303,2
46304,2
46305,4
46306,2
46307,3
46308,2
46309,4
46310,1
46311,5
46312,4
46313,0
46314,2
46315,2
46316,3
46317,2
46318,1
46319,2
46320,2
46321,3
46322,4
46323,1
46324,3
46325,6
46326,2
46327,3
46328,6
46329,4
46330,2
46331,5
46332,2
46333,5
46334,0
46335,1
46336,5
46337,2
46338,6
46339,3
46340,2
46341,2
46342,1
46343,5
46344,4
46345,4
46346,5
46347,4
46348,3
46349,0
46350,2
46351,0
46352,5
46353,2
46354,3
46355,6
46356,5
46357,6
46358,6
46359,0
46360,3
46361,2
46362,4
46363,3
46364,0
46365,6
46366,3
46367,1
46368,3
46369,0
46370,0
46371,2
46372,5
46373,6
46374,6
46375,0
46376,4
46377,2
46378,0
46379,0
46380,6
46381,6
46382,6
46383,6
46384,4
46385,6
46386,4
46387,5
46388,2
46389,5
46390,0
46391,2
46392,2
46393,2
46394,0
46395,5
46396,4
46397,5
46398,5
46399,6
46400,6
46401,6
46402,5
46403,3
46404,3
46405,0
46406,2
46407,5
46408,5
46409,6
46410,2
46411,6
46412,4
46413,2
46414,6
46415,5
46416,0
46417,1
46418,3
46419,3
46420,6
46421,3
46422,3
46423,6
46424,3
46425,6
46426,0
46427,3
46428,6
46429,0
46430,3
46431,6
46432,1
46433,3
46434,2
46435,6
46436,2
46437,3
46438,2
46439,5
46440,2
46441,2
46442,4
46443,0
46444,3
46445,1
46446,1
46447,6
46448,6
46449,4
46450,2
46451,4
46452,2
46453,1
46454,1
46455,5
46456,4
46457,6
46458,6
46459,6
46460,1
46461,2
46462,5
46463,2
46464,2
46465,0
46466,3
46467,3
46468,2
46469,6
46470,3
46471,4
46472,2
46473,2
46474,1
46475,1
46476,2
46477,1
46478,6
46479,6
46480,3
46481,4
46482,2
46483,0
46484,0
46485,0
46486,2
46487,5
46488,0
46489,6
46490,4
46491,1
46492,0
46493,4
46494,3
46495,4
46496,2
46497,3
46498,5
46499,2
46500,5
46501,0
46502,6
46503,4
46504,6
46505,6
46506,2
46507,3
46508,4
46509,0
46510,2
46511,3
46512,1
46513,1
46514,1
46515,2
46516,0
46517,3
46518,1
46519,1
46520,2
46521,1
46522,2
46523,2
46524,3
46525,4
46526,0
46527,1
46528,4
46529,3
46530,0
46531,2
46532,3
46533,2
46534,2
46535,2
46536,2
46537,0
46538,6
46539,3
46540,2
46541,4
46542,3
46543,0
46544,3
46545,1
46546,2
46547,6
46548,3
46549,6
46550,2
46551,5
46552,6
46553,0
46554,0
46555,4
46556,4
46557,6
46558,5
46559,5
46560,3
46561,3
46562,6
46563,3
46564,2
46565,5
46566,2
46567,2
46568,6
46569,2
46570,2
46571,3
46572,0
46573,6
46574,1
46575,1
46576,2
46577,4
46578,0
46579,1
46580,2
46581,3
46582,5
46583,5
46584,6
46585,5
46586,6
46587,5
46588,2
46589,6
46590,6
46591,2
46592,1
46593,6
46594,3
46595,6
46596,4
46597,1
46598,2
46599,5
46600,2
46601,4
46602,3
46603,6
46604,1
46605,4
46606,6
46607,4
46608,4
46609,6
46610,2
46611,3
46612,3
46613,3
46614,2
46615,6
46616,2
46617,3
46618,0
46619,3
46620,1
46621,4
46622,6
46623,1
46624,4
46625,1
46626,2
46627,5
46628,2
46629,6
46630,2
46631,5
46632,2
46633,3
46634,6
46635,1
46636,3
46637,4
46638,3
46639,4
46640,5
46641,1
46642,2
46643,5
46644,1
46645,0
46646,2
46647,2
46648,4
46649,2
46650,0
46651,2
46652,4
46653,0
46654,3
46655,2
46656,0
46657,6
46658,2
46659,6
46660,2
46661,5
46662,5
46663,5
46664,0
46665,2
46666,5
46667,4
46668,2
46669,6
46670,0
46671,5
46672,3
46673,3
46674,5
46675,1
46676,2
46677,3
46678,6
46679,4
46680,6
46681,0
46682,6
46683,2
46684,2
46685,4
46686,5
46687,0
46688,0
46689,0
46690,6
46691,6
46692,2
46693,2
46694,0
46695,0
46696,6
46697,4
46698,6
46699,4
46700,5
46701,4
46702,4
46703,6
46704,2
46705,5
46706,6
46707,6
46708,5
46709,2
46710,1
46711,5
46712,2
46713,4
46714,2
46715,5
46716,2
46717,4
46718,6
46719,6
46720,6
46721,2
46722,2
46723,5
46724,5
46725,1
46726,2
46727,0
46728,6
46729,1
46730,3
46731,2
46732,3
46733,4
46734,4
46735,2
46736,4
46737,2
46738,1
46739,2
46740,3
46741,0
46742,6
46743,1
46744,3
46745,2
46746,1
46747,4
46748,2
46749,2
46750,6
46751,6
46752,3
46753,5
46754,2
46755,3
46756,4
46757,2
46758,6
46759,5
46760,3
46761,5
46762,6
46763,4
46764,5
46765,2
46766,0
46767,6
46768,2
46769,5
46770,4
46771,1
46772,6
46773,2
46774,2
46775,5
46776,5
46777,6
46778,6
46779,3
46780,6
46781,4
46782,4
46783,2
46784,5
46785,1
46786,1
46787,3
46788,4
46789,4
46790,1
46791,4
46792,6
46793,5
46794,2
46795,0
46796,6
46797,6
46798,4
46799,4
46800,2
46801,1
46802,2
46803,6
46804,3
46805,1
46806,2
46807,2
46808,2
46809,0
46810,3
46811,2
46812,3
46813,5
46814,6
46815,4
46816,5
46817,2
46818,4
46819,5
46820,5
46821,2
46822,1
46823,2
46824,2
46825,3
46826,2
46827,2
46828,4
46829,2
46830,5
46831,2
46832,2
46833,2
46834,6
46835,6
46836,4
46837,0
46838,1
46839,5
46840,2
46841,5
46842,6
46843,3
46844,2
46845,1
46846,3
46847,6
46848,1
46849,4
46850,6
46851,2
46852,3
46853,6
46854,2
46855,4
46856,3
46857,6
46858,2
46859,3
46860,2
46861,1
46862,3
46863,4
46864,0
46865,5
46866,0
46867,1
46868,6
46869,2
46870,2
46871,5
46872,6
46873,4
46874,1
46875,2
46876,2
46877,3
46878,2
46879,6
46880,4
46881,2
46882,0
46883,4
46884,3
46885,3
46886,2
46887,2
46888,2
46889,6
46890,6
46891,5
46892,2
46893,5
46894,1
46895,2
46896,3
46897,2
46898,2
46899,5
46900,5
46901,3
46902,6
46903,2
46904,2
46905,1
46906,2
46907,3
46908,0
46909,2
46910,6
46911,6
46912,2
46913,6
46914,5
46915,4
46916,2
46917,3
46918,5
46919,5
46920,6
46921,0
46922,3
46923,0
46924,2
46925,5
46926,2
46927,0
46928,2
46929,1
46930,6
46931,4
46932,0
46933,2
46934,1
46935,3
46936,5
46937,0
46938,2
46939,2
46940,4
46941,5
46942,3
46943,5
46944,3
46945,4
46946,2
46947,1
46948,3
46949,3
46950,3
46951,3
46952,6
46953,1
46954,2
46955,0
46956,1
46957,3
46958,6
46959,0
46960,5
46961,5
46962,3
46963,5
46964,3
46965,2
46966,2
46967,1
46968,4
46969,4
46970,5
46971,3
46972,0
46973,2
46974,1
46975,0
46976,1
46977,4
46978,4
46979,2
46980,2
46981,2
46982,3
46983,1
46984,5
46985,2
46986,4
46987,3
46988,1
46989,6
46990,2
46991,3
46992,6
46993,6
46994,4
46995,1
46996,2
46997,6
46998,4
46999,6
47000,4
47001,2
47002,4
47003,2
47004,1
47005,6
47006,6
47007,1
47008,5
47009,0
47010,6
47011,2
47012,2
47013,3
47014,4
47015,4
47016,1
47017,0
47018,1
47019,1
47020,4
47021,0
47022,0
47023,6
47024,0
47025,3
47026,1
47027,5
47028,2
47029,2
47030,2
47031,2
47032,0
47033,6
47034,6
47035,0
47036,2
47037,3
47038,4
47039,2
47040,3
47041,1
47042,0
47043,2
47044,2
47045,2
47046,1
47047,3
47048,5
47049,1
47050,1
47051,4
47052,3
47053,5
47054,2
47055,5
47056,2
47057,2
47058,4
47059,1
47060,2
47061,3
47062,4
47063,2
47064,1
47065,3
47066,0
47067,2
47068,6
47069,0
47070,4
47071,0
47072,6
47073,0
47074,6
47075,6
47076,1
47077,0
47078,6
47079,4
47080,2
47081,3
47082,1
47083,0
47084,5
47085,3
47086,6
47087,5
47088,2
47089,4
47090,4
47091,2
47092,1
47093,2
47094,3
47095,3
47096,2
47097,5
47098,2
47099,1
47100,0
47101,1
47102,3
47103,5
47104,0
47105,3
47106,6
47107,2
47108,1
47109,2
47110,6
47111,6
47112,6
47113,2
47114,5
47115,6
47116,2
47117,2
47118,1
47119,1
47120,4
47121,3
47122,3
47123,4
47124,5
47125,3
47126,4
47127,6
47128,4
47129,2
47130,2
47131,4
47132,3
47133,4
47134,2
47135,5
47136,3
47137,0
47138,6
47139,0
47140,0
47141,2
47142,2
47143,4
47144,4
47145,0
47146,4
47147,2
47148,6
47149,2
47150,4
47151,2
47152,3
47153,2
47154,6
47155,4
47156,2
47157,1
47158,5
47159,0
47160,2
47161,2
47162,6
47163,4
47164,3
47165,4
47166,2
47167,3
47168,3
47169,3
47170,5
47171,6
47172,6
47173,0
47174,3
47175,2
47176,2
47177,2
47178,2
47179,3
47180,2
47181,3
47182,6
47183,3
47184,2
47185,1
47186,6
47187,3
47188,2
47189,3
47190,3
47191,2
47192,6
47193,4
47194,2
47195,6
47196,4
47197,5
47198,3
47199,2
47200,3
47201,2
47202,5
47203,6
47204,6
47205,2
47206,2
47207,3
47208,2
47209,6
47210,1
47211,6
47212,2
47213,2
47214,2
47215,0
47216,2
47217,3
47218,4
47219,1
47220,4
47221,1
47222,5
47223,2
47224,4
47225,1
47226,2
47227,1
47228,3
47229,1
47230,4
47231,5
47232,1
47233,6
47234,6
47235,3
47236,3
47237,6
47238,0
47239,2
47240,2
47241,5
47242,2
47243,2
47244,6
47245,3
47246,0
47247,5
47248,5
47249,2
47250,2
47251,6
47252,1
47253,2
47254,2
47255,2
47256,6
47257,2
47258,5
47259,0
47260,6
47261,5
47262,2
47263,1
47264,3
47265,3
47266,0
47267,4
47268,1
47269,1
47270,2
47271,3
47272,0
47273,2
47274,0
47275,2
47276,2
47277,6
47278,0
47279,3
47280,1
47281,1
47282,2
47283,2
47284,2
47285,2
47286,6
47287,4
47288,4
47289,3
47290,2
47291,1
47292,2
47293,2
47294,1
47295,6
47296,0
47297,4
47298,0
47299,5
47300,6
47301,3
47302,5
47303,2
47304,1
47305,5
47306,2
47307,2
47308,5
47309,1
47310,2
47311,1
47312,5
47313,2
47314,2
47315,4
47316,5
47317,3
47318,6
47319,1
47320,3
47321,2
47322,0
47323,4
47324,3
47325,4
47326,0
47327,0
47328,5
47329,3
47330,2
47331,2
47332,3
47333,3
47334,0
47335,2
47336,0
47337,4
47338,2
47339,1
47340,1
47341,3
47342,6
47343,4
47344,5
47345,2
47346,5
47347,1
47348,3
47349,3
47350,5
47351,2
47352,2
47353,5
47354,4
47355,1
47356,6
47357,2
47358,1
47359,0
47360,2
47361,5
47362,2
47363,2
47364,3
47365,1
47366,0
47367,2
47368,6
47369,5
47370,5
47371,3
47372,2
47373,6
47374,6
47375,5
47376,2
47377,0
47378,1
47379,2
47380,6
47381,6
47382,3
47383,2
47384,1
47385,2
47386,0
47387,2
47388,2
47389,6
47390,5
47391,2
47392,0
47393,2
47394,2
47395,0
47396,0
47397,0
47398,1
47399,6
47400,1
47401,4
47402,3
47403,1
47404,2
47405,4
47406,1
47407,0
47408,6
47409,2
47410,5
47411,5
47412,2
47413,2
47414,2
47415,1
47416,2
47417,6
47418,6
47419,2
47420,2
47421,2
47422,6
47423,2
47424,2
47425,0
47426,2
47427,5
47428,4
47429,3
47430,2
47431,5
47432,6
47433,3
47434,1
47435,4
47436,2
47437,2
47438,2
47439,3
47440,6
47441,4
47442,2
47443,2
47444,3
47445,3
47446,2
47447,2
47448,5
47449,6
47450,6
47451,5
47452,5
47453,2
47454,4
47455,2
47456,6
47457,2
47458,6
47459,4
47460,2
47461,4
47462,2
47463,3
47464,4
47465,6
47466,2
47467,2
47468,6
47469,5
47470,4
47471,0
47472,3
47473,4
47474,2
47475,1
47476,6
47477,4
47478,4
47479,5
47480,2
47481,6
47482,3
47483,2
47484,3
47485,2
47486,5
47487,6
47488,2
47489,0
47490,3
47491,0
47492,6
47493,2
47494,2
47495,4
47496,4
47497,4
47498,2
47499,3
47500,2
47501,0
47502,0
47503,2
47504,2
47505,2
47506,4
47507,3
47508,5
47509,5
47510,4
47511,1
47512,3
47513,6
47514,5
47515,1
47516,2
47517,3
47518,5
47519,3
47520,3
47521,4
47522,0
47523,0
47524,4
47525,1
47526,1
47527,2
47528,2
47529,2
47530,4
47531,2
47532,0
47533,1
47534,5
47535,2
47536,3
47537,1
47538,4
47539,2
47540,3
47541,6
47542,2
47543,6
47544,5
47545,3
47546,6
47547,2
47548,2
47549,6
47550,4
47551,6
47552,1
47553,3
47554,5
47555,5
47556,2
47557,2
47558,3
47559,2
47560,2
47561,2
47562,0
47563,2
47564,2
47565,3
47566,2
47567,1
47568,3
47569,1
47570,3
47571,2
47572,4
47573,1
47574,1
47575,5
47576,2
47577,6
47578,6
47579,3
47580,2
47581,6
47582,5
47583,4
47584,5
47585,6
47586,3
47587,2
47588,2
47589,0
47590,2
47591,1
47592,0
47593,5
47594,1
47595,0
47596,0
47597,6
47598,6
47599,2
47600,2
47601,0
47602,5
47603,3
47604,4
47605,1
47606,1
47607,5
47608,6
47609,2
47610,2
47611,4
47612,4
47613,5
47614,0
47615,3
47616,0
47617,6
47618,2
47619,6
47620,4
47621,3
47622,4
47623,5
47624,6
47625,3
47626,6
47627,1
47628,5
47629,3
47630,0
47631,3
47632,1
47633,2
47634,2
47635,3
47636,5
47637,2
47638,4
47639,2
47640,1
47641,0
47642,2
47643,5
47644,2
47645,1
47646,5
47647,4
47648,0
47649,2
47650,1
47651,5
47652,4
47653,2
47654,1
47655,5
47656,1
47657,3
47658,4
47659,2
47660,2
47661,6
47662,0
47663,4
47664,5
47665,2
47666,5
47667,4
47668,0
47669,6
47670,2
47671,2
47672,2
47673,5
47674,2
47675,1
47676,6
47677,2
47678,1
47679,4
47680,2
47681,4
47682,1
47683,2
47684,4
47685,0
47686,4
47687,5
47688,6
47689,6
47690,2
47691,6
47692,6
47693,2
47694,6
47695,2
47696,2
47697,0
47698,2
47699,6
47700,2
47701,1
47702,6
47703,6
47704,4
47705,2
47706,0
47707,5
47708,0
47709,2
47710,4
47711,1
47712,6
47713,4
47714,3
47715,0
47716,1
47717,6
47718,4
47719,0
47720,4
47721,0
47722,3
47723,2
47724,5
47725,2
47726,5
47727,3
47728,4
47729,1
47730,3
47731,6
47732,4
47733,5
47734,3
47735,2
47736,5
47737,5
47738,2
47739,6
47740,6
47741,0
47742,5
47743,3
47744,1
47745,0
47746,5
47747,2
47748,6
47749,2
47750,2
47751,2
47752,4
47753,2
47754,2
47755,2
47756,6
47757,4
47758,3
47759,6
47760,6
47761,5
47762,2
47763,4
47764,3
47765,3
47766,2
47767,5
47768,6
47769,1
47770,2
47771,5
47772,0
47773,2
47774,2
47775,6
47776,4
47777,0
47778,2
47779,2
47780,4
47781,1
47782,0
47783,2
47784,3
47785,1
47786,3
47787,0
47788,2
47789,3
47790,0
47791,3
47792,2
47793,2
47794,1
47795,0
47796,2
47797,4
47798,5
47799,1
47800,6
47801,0
47802,5
47803,6
47804,5
47805,2
47806,5
47807,3
47808,0
47809,2
47810,6
47811,0
47812,2
47813,4
47814,2
47815,3
47816,4
47817,5
47818,1
47819,1
47820,5
47821,0
47822,5
47823,5
47824,2
47825,1
47826,4
47827,2
47828,3
47829,0
47830,5
47831,5
47832,5
47833,5
47834,2
47835,2
47836,3
47837,3
47838,3
47839,2
47840,6
47841,2
47842,2
47843,1
47844,2
47845,2
47846,5
47847,4
47848,3
47849,2
47850,3
47851,0
47852,6
47853,0
47854,2
47855,5
47856,4
47857,6
47858,0
47859,0
47860,4
47861,2
47862,4
47863,6
47864,3
47865,4
47866,5
47867,5
47868,2
47869,1
47870,1
47871,3
47872,2
47873,2
47874,2
47875,2
47876,4
47877,5
47878,1
47879,1
47880,6
47881,4
47882,2
47883,4
47884,4
47885,6
47886,6
47887,6
47888,4
47889,2
47890,6
47891,2
47892,2
47893,0
47894,2
47895,0
47896,1
47897,2
47898,6
47899,6
47900,1
47901,6
47902,2
47903,2
47904,3
47905,5
47906,5
47907,6
47908,3
47909,5
47910,5
47911,4
47912,2
47913,4
47914,4
47915,0
47916,3
47917,2
47918,2
47919,4
47920,2
47921,6
47922,4
47923,3
47924,1
47925,1
47926,5
47927,3
47928,1
47929,1
47930,5
47931,1
47932,3
47933,6
47934,1
47935,6
47936,2
47937,1
47938,1
47939,6
47940,2
47941,0
47942,6
47943,5
47944,0
47945,1
47946,3
47947,3
47948,6
47949,3
47950,3
47951,1
47952,1
47953,2
47954,2
47955,2
47956,6
47957,3
47958,1
47959,5
47960,4
47961,0
47962,1
47963,2
47964,0
47965,5
47966,2
47967,2
47968,4
47969,4
47970,2
47971,6
47972,4
47973,1
47974,1
47975,2
47976,5
47977,2
47978,2
47979,4
47980,5
47981,1
47982,3
47983,3
47984,2
47985,1
47986,3
47987,3
47988,4
47989,2
47990,1
47991,3
47992,6
47993,2
47994,4
47995,1
47996,1
47997,0
47998,6
47999,5
48000,2
48001,6
48002,3
48003,6
48004,1
48005,1
48006,3
48007,3
48008,4
48009,5
48010,4
48011,2
48012,2
48013,2
48014,2
48015,1
48016,2
48017,3
48018,1
48019,4
48020,2
48021,4
48022,6
48023,5
48024,1
48025,2
48026,2
48027,1
48028,3
48029,5
48030,6
48031,0
48032,1
48033,3
48034,5
48035,5
48036,6
48037,4
48038,3
48039,0
48040,2
48041,4
48042,5
48043,6
48044,3
48045,2
48046,0
48047,5
48048,4
48049,4
48050,0
48051,2
48052,4
48053,2
48054,5
48055,6
48056,6
48057,2
48058,2
48059,2
48060,4
48061,3
48062,6
48063,6
48064,6
48065,2
48066,3
48067,0
48068,2
48069,2
48070,2
48071,1
48072,0
48073,4
48074,2
48075,2
48076,2
48077,6
48078,0
48079,2
48080,4
48081,3
48082,5
48083,6
48084,1
48085,1
48086,1
48087,5
48088,6
48089,2
48090,4
48091,3
48092,3
48093,2
48094,2
48095,6
48096,6
48097,2
48098,6
48099,5
48100,1
48101,5
48102,2
48103,3
48104,1
48105,2
48106,5
48107,5
48108,6
48109,6
48110,4
48111,1
48112,6
48113,1
48114,6
48115,1
48116,2
48117,3
48118,6
48119,5
48120,6
48121,3
48122,2
48123,3
48124,5
48125,3
48126,4
48127,4
48128,1
48129,2
48130,5
48131,2
48132,3
48133,1
48134,5
48135,4
48136,5
48137,6
48138,5
48139,1
48140,6
48141,2
48142,6
48143,5
48144,4
48145,3
48146,3
48147,3
48148,2
48149,5
48150,0
48151,2
48152,5
48153,3
48154,3
48155,4
48156,2
48157,3
48158,2
48159,2
48160,5
48161,6
48162,4
48163,3
48164,4
48165,2
48166,0
48167,2
48168,1
48169,0
48170,6
48171,4
48172,2
48173,0
48174,2
48175,3
48176,2
48177,2
48178,5
48179,3
48180,2
48181,1
48182,6
48183,4
48184,4
48185,2
48186,4
48187,4
48188,4
48189,5
48190,3
48191,1
48192,6
48193,3
48194,2
48195,2
48196,1
48197,6
48198,2
48199,1
48200,2
48201,2
48202,1
48203,3
48204,2
48205,3
48206,4
48207,2
48208,3
48209,3
48210,1
48211,2
48212,2
48213,6
48214,2
48215,5
48216,3
48217,2
48218,4
48219,2
48220,6
48221,1
48222,2
48223,2
48224,3
48225,3
48226,2
48227,1
48228,5
48229,3
48230,5
48231,2
48232,3
48233,0
48234,2
48235,6
48236,2
48237,2
48238,2
48239,3
48240,4
48241,4
48242,2
48243,3
48244,3
48245,4
48246,5
48247,1
48248,3
48249,2
48250,6
48251,6
48252,3
48253,2
48254,4
48255,2
48256,2
48257,4
48258,3
48259,5
48260,5
48261,4
48262,1
48263,0
48264,5
48265,2
48266,1
48267,2
48268,4
48269,2
48270,1
48271,1
48272,2
48273,3
48274,1
48275,2
48276,2
48277,2
48278,4
48279,4
48280,4
48281,6
48282,3
48283,4
48284,3
48285,2
48286,2
48287,5
48288,6
48289,2
48290,2
48291,3
48292,6
48293,5
48294,2
48295,2
48296,4
48297,1
48298,3
48299,3
48300,5
48301,3
48302,5
48303,2
48304,1
48305,2
48306,2
48307,2
48308,4
48309,3
48310,3
48311,5
48312,4
48313,2
48314,5
48315,5
48316,0
48317,6
48318,4
48319,2
48320,4
48321,3
48322,5
48323,4
48324,5
48325,1
48326,2
48327,5
48328,2
48329,3
48330,0
48331,0
48332,6
48333,4
48334,0
48335,6
48336,1
48337,3
48338,0
48339,6
48340,0
48341,3
48342,2
48343,1
48344,5
48345,2
48346,5
48347,2
48348,4
48349,4
48350,1
48351,6
48352,0
48353,0
48354,4
48355,2
48356,2
48357,5
48358,3
48359,1
48360,2
48361,5
48362,4
48363,2
48364,2
48365,3
48366,1
48367,5
48368,3
48369,3
48370,2
48371,5
48372,4
48373,2
48374,1
48375,4
48376,4
48377,3
48378,6
48379,5
48380,4
48381,4
48382,2
48383,4
48384,3
48385,0
48386,5
48387,4
48388,5
48389,4
48390,2
48391,2
48392,2
48393,6
48394,3
48395,2
48396,5
48397,1
48398,5
48399,6
48400,2
48401,5
48402,2
48403,2
48404,4
48405,5
48406,1
48407,3
48408,2
48409,0
48410,3
48411,5
48412,4
48413,6
48414,4
48415,1
48416,0
48417,4
48418,3
48419,3
48420,4
48421,3
48422,6
48423,0
48424,2
48425,0
48426,6
48427,6
48428,4
48429,4
48430,4
48431,6
48432,3
48433,2
48434,4
48435,6
48436,6
48437,3
48438,5
48439,6
48440,1
48441,0
48442,2
48443,4
48444,5
48445,3
48446,3
48447,2
48448,2
48449,3
48450,4
48451,1
48452,2
48453,3
48454,2
48455,5
48456,4
48457,4
48458,4
48459,2
48460,0
48461,4
48462,1
48463,1
48464,2
48465,2
48466,2
48467,5
48468,3
48469,3
48470,1
48471,3
48472,6
48473,0
48474,6
48475,3
48476,3
48477,2
48478,6
48479,3
48480,3
48481,2
48482,4
48483,4
48484,6
48485,0
48486,1
48487,3
48488,4
48489,2
48490,6
48491,2
48492,2
48493,1
48494,1
48495,4
48496,1
48497,1
48498,2
48499,3
48500,1
48501,1
48502,4
48503,4
48504,5
48505,1
48506,2
48507,2
48508,3
48509,2
48510,4
48511,6
48512,2
48513,0
48514,6
48515,0
48516,3
48517,3
48518,2
48519,3
48520,6
48521,3
48522,1
48523,3
48524,4
48525,6
48526,5
48527,2
48528,1
48529,2
48530,3
48531,2
48532,4
48533,4
48534,6
48535,5
48536,4
48537,0
48538,1
48539,2
48540,3
48541,2
48542,6
48543,2
48544,2
48545,6
48546,2
48547,2
48548,2
48549,6
48550,5
48551,3
48552,2
48553,1
48554,5
48555,1
48556,4
48557,6
48558,5
48559,5
48560,2
48561,1
48562,2
48563,1
48564,1
48565,1
48566,6
48567,4
48568,1
48569,1
48570,5
48571,4
48572,0
48573,2
48574,6
48575,1
48576,2
48577,4
48578,5
48579,1
48580,4
48581,5
48582,2
48583,1
48584,1
48585,2
48586,2
48587,5
48588,2
48589,5
48590,4
48591,3
48592,6
48593,6
48594,5
48595,3
48596,2
48597,1
48598,5
48599,2
48600,6
48601,1
48602,2
48603,6
48604,3
48605,6
48606,6
48607,5
48608,6
48609,4
48610,0
48611,4
48612,1
48613,4
48614,1
48615,5
48616,3
48617,2
48618,3
48619,5
48620,0
48621,1
48622,2
48623,6
48624,2
48625,5
48626,5
48627,6
48628,5
48629,5
48630,5
48631,6
48632,2
48633,0
48634,3
48635,2
48636,2
48637,3
48638,1
48639,1
48640,1
48641,6
48642,5
48643,2
48644,0
48645,6
48646,0
48647,6
48648,0
48649,3
48650,3
48651,0
48652,4
48653,6
48654,3
48655,0
48656,6
48657,2
48658,3
48659,3
48660,2
48661,2
48662,0
48663,3
48664,5
48665,6
48666,6
48667,3
48668,2
48669,3
48670,3
48671,1
48672,6
48673,2
48674,2
48675,2
48676,6
48677,5
48678,1
48679,3
48680,3
48681,2
48682,0
48683,4
48684,0
48685,3
48686,2
48687,3
48688,4
48689,4
48690,1
48691,5
48692,4
48693,2
48694,4
48695,0
48696,0
48697,1
48698,2
48699,1
48700,2
48701,2
48702,6
48703,6
48704,1
48705,6
48706,3
48707,5
48708,4
48709,1
48710,3
48711,0
48712,5
48713,0
48714,2
48715,2
48716,5
48717,6
48718,3
48719,2
48720,3
48721,6
48722,1
48723,6
48724,5
48725,2
48726,2
48727,4
48728,2
48729,5
48730,2
48731,0
48732,2
48733,2
48734,4
48735,2
48736,2
48737,1
48738,5
48739,5
48740,6
48741,3
48742,4
48743,5
48744,2
48745,5
48746,0
48747,4
48748,0
48749,1
48750,2
48751,0
48752,3
48753,1
48754,4
48755,6
48756,1
48757,5
48758,3
48759,2
48760,4
48761,5
48762,3
48763,2
48764,2
48765,4
48766,2
48767,3
48768,3
48769,3
48770,6
48771,2
48772,5
48773,5
48774,3
48775,4
48776,6
48777,1
48778,2
48779,0
48780,5
48781,2
48782,6
48783,4
48784,2
48785,2
48786,3
48787,6
48788,3
48789,6
48790,5
48791,1
48792,2
48793,1
48794,6
48795,2
48796,2
48797,6
48798,5
48799,3
48800,0
48801,2
48802,4
48803,3
48804,2
48805,6
48806,3
48807,2
48808,4
48809,6
48810,3
48811,6
48812,4
48813,2
48814,6
48815,5
48816,3
48817,1
48818,2
48819,2
48820,4
48821,6
48822,3
48823,4
48824,5
48825,3
48826,6
48827,4
48828,4
48829,3
48830,6
48831,2
48832,4
48833,0
48834,1
48835,2
48836,2
48837,0
48838,1
48839,4
48840,1
48841,0
48842,2
48843,6
48844,3
48845,0
48846,2
48847,1
48848,5
48849,2
48850,6
48851,3
48852,3
48853,3
48854,2
48855,2
48856,2
48857,4
48858,6
48859,6
48860,2
48861,2
48862,2
48863,6
48864,3
48865,2
48866,4
48867,2
48868,5
48869,3
48870,6
48871,0
48872,1
48873,0
48874,1
48875,6
48876,0
48877,2
48878,6
48879,3
48880,4
48881,5
48882,2
48883,2
48884,1
48885,2
48886,2
48887,1
48888,2
48889,5
48890,0
48891,5
48892,3
48893,5
48894,5
48895,5
48896,3
48897,6
48898,6
48899,0
48900,6
48901,6
48902,1
48903,4
48904,1
48905,0
48906,2
48907,5
48908,2
48909,3
48910,3
48911,2
48912,3
48913,5
48914,3
48915,5
48916,1
48917,0
48918,0
48919,6
48920,1
48921,3
48922,1
48923,4
48924,2
48925,2
48926,4
48927,0
48928,0
48929,3
48930,5
48931,6
48932,4
48933,2
48934,6
48935,1
48936,1
48937,2
48938,2
48939,4
48940,0
48941,4
48942,6
48943,2
48944,0
48945,2
48946,2
48947,2
48948,3
48949,3
48950,3
48951,3
48952,5
48953,4
48954,3
48955,2
48956,1
48957,5
48958,0
48959,2
48960,2
48961,6
48962,0
48963,2
48964,6
48965,6
48966,0
48967,1
48968,6
48969,2
48970,3
48971,2
48972,1
48973,3
48974,3
48975,6
48976,4
48977,3
48978,6
48979,2
48980,4
48981,2
48982,4
48983,5
48984,6
48985,4
48986,5
48987,6
48988,3
48989,6
48990,2
48991,3
48992,0
48993,2
48994,2
48995,3
48996,6
48997,3
48998,2
48999,2
49000,3
49001,3
49002,5
49003,2
49004,2
49005,3
49006,0
49007,3
49008,3
49009,2
49010,2
49011,4
49012,5
49013,3
49014,3
49015,1
49016,4
49017,3
49018,0
49019,5
49020,3
49021,3
49022,2
49023,2
49024,0
49025,2
49026,1
49027,4
49028,5
49029,5
49030,2
49031,6
49032,2
49033,3
49034,2
49035,6
49036,3
49037,2
49038,2
49039,3
49040,2
49041,5
49042,3
49043,3
49044,3
49045,6
49046,6
49047,2
49048,4
49049,6
49050,5
49051,2
49052,3
49053,0
49054,6
49055,6
49056,6
49057,5
49058,3
49059,0
49060,2
49061,2
49062,2
49063,2
49064,2
49065,3
49066,2
49067,2
49068,3
49069,3
49070,5
49071,1
49072,2
49073,2
49074,6
49075,0
49076,2
49077,0
49078,1
49079,3
49080,5
49081,2
49082,6
49083,3
49084,5
49085,1
49086,2
49087,2
49088,3
49089,6
49090,2
49091,4
49092,2
49093,5
49094,6
49095,5
49096,1
49097,2
49098,6
49099,4
49100,3
49101,1
49102,2
49103,3
49104,3
49105,0
49106,2
49107,6
49108,2
49109,2
49110,4
49111,3
49112,6
49113,2
49114,2
49115,4
49116,6
49117,5
49118,3
49119,0
49120,2
49121,2
49122,2
49123,3
49124,4
49125,0
49126,3
49127,4
49128,4
49129,3
49130,1
49131,0
49132,0
49133,4
49134,0
49135,5
49136,4
49137,5
49138,3
49139,1
49140,2
49141,5
49142,0
49143,0
49144,1
49145,2
49146,6
49147,2
49148,6
49149,1
49150,5
49151,6
49152,3
49153,6
49154,2
49155,1
49156,2
49157,2
49158,3
49159,4
49160,2
49161,4
49162,5
49163,3
49164,4
49165,6
49166,6
49167,4
49168,2
49169,0
49170,3
49171,4
49172,0
49173,6
49174,5
49175,6
49176,2
49177,1
49178,3
49179,6
49180,5
49181,3
49182,4
49183,3
49184,2
49185,1
49186,0
49187,2
49188,3
49189,6
49190,2
49191,6
49192,5
49193,3
49194,6
49195,3
49196,2
49197,2
49198,5
49199,1
49200,1
49201,2
49202,6
49203,2
49204,6
49205,3
49206,3
49207,2
49208,6
49209,2
49210,1
49211,4
49212,6
49213,2
49214,2
49215,5
49216,1
49217,2
49218,6
49219,4
49220,5
49221,1
49222,2
49223,0
49224,2
49225,5
49226,3
49227,6
49228,5
49229,1
49230,0
49231,4
49232,6
49233,2
49234,4
49235,5
49236,0
49237,6
49238,3
49239,3
49240,0
49241,1
49242,3
49243,2
49244,6
49245,2
49246,1
49247,1
49248,5
49249,5
49250,5
49251,4
49252,4
49253,5
49254,2
49255,2
49256,6
49257,6
49258,2
49259,0
49260,6
49261,3
49262,1
49263,5
49264,2
49265,3
49266,4
49267,0
49268,0
49269,2
49270,4
49271,6
49272,6
49273,2
49274,1
49275,1
49276,5
49277,2
49278,6
49279,5
49280,3
49281,5
49282,5
49283,1
49284,1
49285,0
49286,6
49287,3
49288,6
49289,5
49290,3
49291,2
49292,5
49293,6
49294,4
49295,2
49296,1
49297,1
49298,2
49299,3
49300,1
49301,4
49302,4
49303,5
49304,3
49305,5
49306,0
49307,3
49308,2
49309,0
49310,3
49311,1
49312,6
49313,2
49314,6
49315,2
49316,6
49317,2
49318,3
49319,4
49320,4
49321,6
49322,2
49323,2
49324,5
49325,5
49326,3
49327,2
49328,5
49329,2
49330,3
49331,2
49332,3
49333,3
49334,0
49335,4
49336,4
49337,2
49338,6
49339,1
49340,4
49341,1
49342,4
49343,1
49344,5
49345,2
49346,2
49347,2
49348,2
49349,6
49350,2
49351,3
49352,1
49353,2
49354,2
49355,2
49356,4
49357,5
49358,3
49359,3
49360,5
49361,4
49362,4
49363,1
49364,1
49365,2
49366,1
49367,2
49368,5
49369,0
49370,2
49371,4
49372,5
49373,3
49374,0
49375,3
49376,2
49377,1
49378,4
49379,3
49380,3
49381,2
49382,2
49383,6
49384,6
49385,4
49386,6
49387,2
49388,2
49389,4
49390,2
49391,4
49392,5
49393,4
49394,1
49395,1
49396,3
49397,0
49398,2
49399,0
49400,5
49401,2
49402,5
49403,5
49404,0
49405,5
49406,6
49407,2
49408,1
49409,6
49410,0
49411,6
49412,5
49413,4
49414,0
49415,3
49416,2
49417,2
49418,4
49419,2
49420,3
49421,6
49422,0
49423,3
49424,2
49425,5
49426,5
49427,3
49428,6
49429,0
49430,5
49431,6
49432,3
49433,0
49434,5
49435,5
49436,2
49437,5
49438,3
49439,2
49440,2
49441,4
49442,4
49443,6
49444,2
49445,1
49446,2
49447,5
49448,5
49449,6
49450,2
49451,2
49452,1
49453,4
49454,2
49455,6
49456,6
49457,2
49458,2
49459,6
49460,5
49461,0
49462,6
49463,4
49464,2
49465,2
49466,0
49467,3
49468,5
49469,2
49470,2
49471,4
49472,2
49473,5
49474,0
49475,5
49476,5
49477,2
49478,5
49479,2
49480,4
49481,1
49482,6
49483,5
49484,2
49485,3
49486,2
49487,1
49488,2
49489,6
49490,0
49491,3
49492,2
49493,4
49494,4
49495,1
49496,3
49497,2
49498,6
49499,6
49500,5
49501,6
49502,1
49503,2
49504,2
49505,5
49506,1
49507,2
49508,2
49509,3
49510,6
49511,2
49512,0
49513,3
49514,6
49515,2
49516,1
49517,1
49518,4
49519,2
49520,2
49521,1
49522,0
49523,2
49524,4
49525,6
49526,3
49527,0
49528,4
49529,4
49530,2
49531,3
49532,4
49533,4
49534,6
49535,3
49536,4
49537,6
49538,3
49539,2
49540,5
49541,2
49542,5
49543,2
49544,1
49545,2
49546,3
49547,3
49548,0
49549,1
49550,3
49551,4
49552,3
49553,6
49554,3
49555,6
49556,2
49557,5
49558,3
49559,5
49560,1
49561,6
49562,0
49563,4
49564,2
49565,2
49566,4
49567,6
49568,5
49569,2
49570,2
49571,4
49572,0
49573,2
49574,0
49575,3
49576,0
49577,4
49578,4
49579,2
49580,2
49581,6
49582,1
49583,4
49584,1
49585,3
49586,3
49587,2
49588,2
49589,2
49590,2
49591,0
49592,5
49593,2
49594,2
49595,3
49596,3
49597,3
49598,3
49599,1
49600,1
49601,1
49602,0
49603,2
49604,5
49605,2
49606,2
49607,1
49608,5
49609,0
49610,4
49611,5
49612,2
49613,1
49614,6
49615,4
49616,2
49617,2
49618,3
49619,0
49620,3
49621,4
49622,0
49623,2
49624,5
49625,6
49626,3
49627,2
49628,0
49629,2
49630,3
49631,0
49632,6
49633,6
49634,0
49635,6
49636,4
49637,1
49638,3
49639,5
49640,2
49641,3
49642,2
49643,6
49644,0
49645,2
49646,5
49647,4
49648,4
49649,5
49650,6
49651,2
49652,6
49653,2
49654,5
49655,4
49656,2
49657,4
49658,2
49659,5
49660,6
49661,4
49662,5
49663,5
49664,3
49665,1
49666,5
49667,1
49668,6
49669,5
49670,0
49671,5
49672,2
49673,1
49674,2
49675,1
49676,3
49677,2
49678,0
49679,0
49680,0
49681,6
49682,5
49683,1
49684,1
49685,3
49686,6
49687,5
49688,4
49689,4
49690,6
49691,5
49692,4
49693,2
49694,0
49695,0
49696,6
49697,6
49698,5
49699,1
49700,3
49701,0
49702,0
49703,2
49704,2
49705,0
49706,4
49707,4
49708,2
49709,3
49710,4
49711,2
49712,6
49713,6
49714,2
49715,5
49716,2
49717,0
49718,3
49719,0
49720,5
49721,6
49722,1
49723,1
49724,3
49725,4
49726,3
49727,4
49728,1
49729,2
49730,3
49731,3
49732,2
49733,3
49734,3
49735,6
49736,6
49737,6
49738,3
49739,3
49740,6
49741,2
49742,3
49743,5
49744,2
49745,2
49746,5
49747,4
49748,4
49749,2
49750,4
49751,0
49752,1
49753,3
49754,5
49755,2
49756,2
49757,5
49758,6
49759,2
49760,4
49761,3
49762,3
49763,1
49764,2
49765,0
49766,2
49767,6
49768,2
49769,0
49770,3
49771,2
49772,6
49773,2
49774,0
49775,3
49776,3
49777,1
49778,6
49779,4
49780,2
49781,4
49782,1
49783,1
49784,6
49785,2
49786,4
49787,6
49788,3
49789,1
49790,3
49791,5
49792,2
49793,0
49794,6
49795,2
49796,2
49797,0
49798,5
49799,1
49800,2
49801,2
49802,2
49803,3
49804,3
49805,6
49806,3
49807,6
49808,3
49809,5
49810,0
49811,3
49812,3
49813,3
49814,4
49815,0
49816,2
49817,1
49818,2
49819,2
49820,4
49821,3
49822,5
49823,2
49824,3
49825,4
49826,2
49827,0
49828,4
49829,5
49830,6
49831,0
49832,5
49833,4
49834,0
49835,0
49836,3
49837,1
49838,3
49839,1
49840,4
49841,0
49842,0
49843,2
49844,4
49845,3
49846,4
49847,3
49848,1
49849,0
49850,2
49851,1
49852,5
49853,2
49854,6
49855,3
49856,2
49857,4
49858,4
49859,1
49860,6
49861,4
49862,4
49863,2
49864,1
49865,3
49866,2
49867,2
49868,3
49869,2
49870,2
49871,0
49872,1
49873,4
49874,2
49875,6
49876,5
49877,1
49878,2
49879,4
49880,0
49881,1
49882,0
49883,4
49884,1
49885,3
49886,2
49887,5
49888,0
49889,1
49890,0
49891,2
49892,2
49893,1
49894,2
49895,5
49896,2
49897,4
49898,6
49899,1
49900,2
49901,2
49902,4
49903,4
49904,6
49905,6
49906,2
49907,6
49908,3
49909,3
49910,6
49911,1
49912,6
49913,2
49914,5
49915,2
49916,3
49917,5
49918,2
49919,6
49920,6
49921,3
49922,0
49923,4
49924,3
49925,6
49926,2
49927,2
49928,1
49929,6
49930,2
49931,2
49932,2
49933,2
49934,6
49935,2
49936,3
49937,3
49938,6
49939,2
49940,4
49941,1
49942,4
49943,4
49944,1
49945,0
49946,4
49947,3
49948,3
49949,3
49950,5
49951,0
49952,6
49953,2
49954,6
49955,5
49956,2
49957,3
49958,1
49959,6
49960,6
49961,2
49962,1
49963,0
49964,2
49965,3
49966,2
49967,3
49968,6
49969,0
49970,2
49971,2
49972,6
49973,6
49974,0
49975,2
49976,1
49977,5
49978,4
49979,1
49980,2
49981,2
49982,2
49983,2
49984,3
49985,1
49986,1
49987,1
49988,4
49989,1
49990,5
49991,1
49992,2
49993,4
49994,0
49995,2
49996,2
49997,3
49998,6
49999,6
50000,1
50001,1
50002,6
50003,4
50004,2
50005,2
50006,3
50007,0
50008,5
50009,5
50010,1
50011,1
50012,0
50013,6
50014,0
50015,6
50016,2
50017,2
50018,3
50019,2
50020,1
50021,1
50022,3
50023,1
50024,3
50025,5
50026,3
50027,2
50028,1
50029,5
50030,5
50031,2
50032,5
50033,3
50034,5
50035,4
50036,0
50037,3
50038,4
50039,2
50040,1
50041,5
50042,3
50043,5
50044,1
50045,6
50046,3
50047,2
50048,2
50049,4
50050,4
50051,3
50052,3
50053,3
50054,4
50055,2
50056,4
50057,1
50058,2
50059,2
50060,2
50061,6
50062,5
50063,1
50064,0
50065,6
50066,1
50067,2
50068,4
50069,4
50070,4
50071,3
50072,2
50073,6
50074,0
50075,2
50076,4
50077,3
50078,1
50079,5
50080,6
50081,5
50082,4
50083,0
50084,5
50085,2
50086,0
50087,3
50088,6
50089,2
50090,4
50091,4
50092,1
50093,4
50094,4
50095,1
50096,4
50097,0
50098,2
50099,2
50100,1
50101,6
50102,5
50103,6
50104,3
50105,2
50106,4
50107,6
50108,6
50109,4
50110,4
50111,2
50112,4
50113,2
50114,6
50115,6
50116,5
50117,2
50118,3
50119,3
50120,3
50121,5
50122,2
50123,2
50124,2
50125,5
50126,5
50127,5
50128,1
50129,5
50130,5
50131,2
50132,3
50133,2
50134,6
50135,5
50136,2
50137,3
50138,1
50139,6
50140,4
50141,5
50142,5
50143,1
50144,2
50145,5
50146,2
50147,4
50148,2
50149,4
50150,0
50151,5
50152,6
50153,3
50154,3
50155,1
50156,1
50157,4
50158,2
50159,3
50160,1
50161,5
50162,1
50163,2
50164,6
50165,1
50166,3
50167,4
50168,1
50169,5
50170,1
50171,2
50172,4
50173,0
50174,4
50175,2
50176,2
50177,2
50178,3
50179,5
50180,6
50181,2
50182,2
50183,0
50184,2
50185,5
50186,1
50187,2
50188,2
50189,0
50190,6
50191,2
50192,1
50193,2
50194,1
50195,2
50196,1
50197,1
50198,0
50199,2
50200,4
50201,4
50202,3
50203,5
50204,5
50205,5
50206,1
50207,5
50208,2
50209,1
50210,4
50211,2
50212,4
50213,2
50214,2
50215,2
50216,4
50217,5
50218,6
50219,2
50220,1
50221,6
50222,2
50223,3
50224,3
50225,5
50226,2
50227,2
50228,6
50229,2
50230,4
50231,6
50232,2
50233,6
50234,2
50235,3
50236,3
50237,1
50238,1
50239,6
50240,6
50241,4
50242,4
50243,4
50244,4
50245,4
50246,2
50247,0
50248,4
50249,3
50250,2
50251,2
50252,6
50253,3
50254,6
50255,2
50256,2
50257,1
50258,2
50259,0
50260,2
50261,6
50262,0
50263,1
50264,5
50265,2
50266,5
50267,6
50268,4
50269,2
50270,2
50271,2
50272,0
50273,6
50274,4
50275,1
50276,0
50277,6
50278,5
50279,0
50280,4
50281,0
50282,2
50283,2
50284,2
50285,1
50286,2
50287,6
50288,5
50289,6
50290,2
50291,1
50292,0
50293,6
50294,2
50295,5
50296,3
50297,2
50298,5
50299,6
50300,3
50301,3
50302,5
50303,5
50304,5
50305,0
50306,3
50307,2
50308,5
50309,2
50310,6
50311,6
50312,0
50313,4
50314,3
50315,2
50316,2
50317,0
50318,5
50319,1
50320,0
50321,1
50322,3
50323,6
50324,5
50325,5
50326,0
50327,3
50328,3
50329,0
50330,6
50331,1
50332,2
50333,0
50334,6
50335,5
50336,1
50337,0
50338,6
50339,5
50340,1
50341,2
50342,5
50343,4
50344,5
50345,0
50346,0
50347,4
50348,5
50349,3
50350,4
50351,1
50352,5
50353,3
50354,5
50355,6
50356,1
50357,0
50358,1
50359,2
50360,6
50361,3
50362,5
50363,2
50364,4
50365,3
50366,0
50367,3
50368,3
50369,2
50370,3
50371,0
50372,3
50373,6
50374,4
50375,0
50376,4
50377,0
50378,4
50379,5
50380,4
50381,6
50382,4
50383,4
50384,3
50385,1
50386,2
50387,3
50388,0
50389,2
50390,6
50391,3
50392,4
50393,3
50394,3
50395,6
50396,4
50397,1
50398,4
50399,3
50400,0
50401,4
50402,2
50403,4
50404,3
50405,3
50406,0
50407,6
50408,6
50409,3
50410,3
50411,0
50412,6
50413,1
50414,2
50415,2
50416,2
50417,1
50418,0
50419,6
50420,5
50421,2
50422,0
50423,5
50424,3
50425,6
50426,4
50427,2
50428,4
50429,0
50430,3
50431,1
50432,3
50433,5
50434,5
50435,2
50436,4
50437,2
50438,1
50439,3
50440,2
50441,3
50442,5
50443,0
50444,5
50445,4
50446,0
50447,0
50448,6
50449,3
50450,6
50451,4
50452,2
50453,2
50454,5
50455,3
50456,2
50457,2
50458,4
50459,6
50460,3
50461,4
50462,4
50463,2
50464,5
50465,2
50466,5
50467,0
50468,0
50469,2
50470,2
50471,4
50472,5
50473,2
50474,6
50475,1
50476,4
50477,6
50478,2
50479,2
50480,4
50481,3
50482,2
50483,3
50484,2
50485,2
50486,3
50487,5
50488,0
50489,3
50490,6
50491,0
50492,1
50493,2
50494,3
50495,3
50496,2
50497,4
50498,2
50499,6
50500,2
50501,3
50502,5
50503,3
50504,4
50505,2
50506,3
50507,5
50508,6
50509,6
50510,2
50511,3
50512,3
50513,2
50514,2
50515,4
50516,1
50517,0
50518,4
50519,5
50520,2
50521,2
50522,3
50523,2
50524,0
50525,2
50526,2
50527,3
50528,1
50529,5
50530,5
50531,6
50532,2
50533,2
50534,6
50535,2
50536,0
50537,3
50538,1
50539,4
50540,2
50541,3
50542,6
50543,3
50544,6
50545,2
50546,2
50547,1
50548,2
50549,2
50550,2
50551,4
50552,1
50553,4
50554,5
50555,0
50556,3
50557,4
50558,3
50559,4
50560,2
50561,2
50562,1
50563,4
50564,3
50565,5
50566,4
50567,4
50568,3
50569,5
50570,4
50571,4
50572,1
50573,3
50574,4
50575,5
50576,6
50577,4
50578,5
50579,3
50580,5
50581,0
50582,4
50583,0
50584,4
50585,1
50586,0
50587,2
50588,6
50589,6
50590,5
50591,2
50592,2
50593,5
50594,4
50595,2
50596,1
50597,5
50598,3
50599,2
50600,2
50601,0
50602,4
50603,4
50604,0
50605,3
50606,5
50607,2
50608,3
50609,3
50610,0
50611,5
50612,0
50613,2
50614,4
50615,5
50616,6
50617,1
50618,3
50619,3
50620,6
50621,3
50622,2
50623,6
50624,1
50625,1
50626,3
50627,1
50628,1
50629,0
50630,2
50631,2
50632,4
50633,1
50634,1
50635,4
50636,5
50637,3
50638,0
50639,5
50640,2
50641,1
50642,2
50643,1
50644,0
50645,3
50646,4
50647,1
50648,4
50649,2
50650,2
50651,5
50652,6
50653,0
50654,5
50655,5
50656,2
50657,2
50658,0
50659,4
50660,6
50661,6
50662,2
50663,4
50664,3
50665,4
50666,3
50667,0
50668,6
50669,1
50670,5
50671,2
50672,2
50673,2
50674,2
50675,6
50676,2
50677,5
50678,6
50679,6
50680,6
50681,1
50682,6
50683,2
50684,6
50685,3
50686,6
50687,2
50688,2
50689,5
50690,2
50691,6
50692,3
50693,3
50694,3
50695,2
50696,6
50697,5
50698,3
50699,5
50700,1
50701,2
50702,6
50703,2
50704,5
50705,1
50706,2
50707,2
50708,0
50709,0
50710,2
50711,3
50712,5
50713,2
50714,3
50715,3
50716,1
50717,5
50718,2
50719,2
50720,3
50721,3
50722,6
50723,3
50724,5
50725,6
50726,2
50727,2
50728,3
50729,4
50730,1
50731,1
50732,3
50733,6
50734,4
50735,1
50736,3
50737,2
50738,5
50739,2
50740,3
50741,3
50742,3
50743,5
50744,2
50745,2
50746,2
50747,5
50748,4
50749,6
50750,3
50751,4
50752,2
50753,0
50754,2
50755,2
50756,2
50757,2
50758,4
50759,5
50760,0
50761,1
50762,1
50763,5
50764,2
50765,6
50766,4
50767,2
50768,6
50769,2
50770,2
50771,5
50772,6
50773,1
50774,6
50775,1
50776,6
50777,0
50778,2
50779,5
50780,4
50781,5
50782,5
50783,4
50784,0
50785,4
50786,2
50787,4
50788,1
50789,1
50790,0
50791,2
50792,3
50793,4
50794,3
50795,2
50796,2
50797,2
50798,2
50799,2
50800,2
50801,5
50802,2
50803,6
50804,4
50805,2
50806,1
50807,1
50808,3
50809,6
50810,5
50811,4
50812,2
50813,4
50814,6
50815,2
50816,1
50817,4
50818,6
50819,2
50820,4
50821,0
50822,2
50823,5
50824,6
50825,4
50826,6
50827,6
50828,4
50829,4
50830,6
50831,2
50832,2
50833,2
50834,3
50835,1
50836,2
50837,2
50838,2
50839,0
50840,1
50841,3
50842,1
50843,3
50844,2
50845,6
50846,2
50847,3
50848,6
50849,2
50850,5
50851,6
50852,1
50853,2
50854,6
50855,4
50856,4
50857,1
50858,1
50859,3
50860,4
50861,5
50862,6
50863,0
50864,5
50865,2
50866,6
50867,2
50868,5
50869,6
50870,3
50871,4
50872,6
50873,6
50874,1
50875,6
50876,5
50877,5
50878,6
50879,4
50880,6
50881,1
50882,3
50883,4
50884,2
50885,2
50886,2
50887,1
50888,3
50889,6
50890,6
50891,5
50892,3
50893,4
50894,6
50895,1
50896,5
50897,0
50898,2
50899,5
50900,5
50901,5
50902,1
50903,4
50904,2
50905,4
50906,3
50907,2
50908,6
50909,5
50910,0
50911,5
50912,4
50913,1
50914,2
50915,4
50916,3
50917,0
50918,5
50919,3
50920,2
50921,4
50922,2
50923,2
50924,2
50925,5
50926,2
50927,1
50928,2
50929,5
50930,6
50931,2
50932,4
50933,3
50934,3
50935,2
50936,5
50937,0
50938,3
50939,3
50940,5
50941,4
50942,6
50943,5
50944,2
50945,2
50946,5
50947,2
50948,6
50949,5
50950,3
50951,5
50952,5
50953,2
50954,3
50955,4
50956,3
50957,2
50958,1
50959,5
50960,1
50961,6
50962,2
50963,2
50964,5
50965,6
50966,1
50967,6
50968,5
50969,3
50970,6
50971,6
50972,6
50973,2
50974,0
50975,5
50976,3
50977,2
50978,3
50979,3
50980,2
50981,6
50982,1
50983,3
50984,4
50985,5
50986,1
50987,2
50988,4
50989,1
50990,2
50991,4
50992,5
50993,3
50994,2
50995,0
50996,2
50997,3
50998,2
50999,3
51000,6
51001,2
51002,6
51003,4
51004,5
51005,2
51006,6
51007,2
51008,3
51009,6
51010,5
51011,4
51012,5
51013,2
51014,2
51015,6
51016,2
51017,0
51018,3
51019,1
51020,1
51021,3
51022,4
51023,2
51024,3
51025,1
51026,4
51027,6
51028,4
51029,6
51030,4
51031,3
51032,6
51033,5
51034,6
51035,2
51036,6
51037,3
51038,5
51039,3
51040,6
51041,3
51042,3
51043,2
51044,3
51045,5
51046,2
51047,5
51048,5
51049,2
51050,4
51051,6
51052,3
51053,3
51054,6
51055,1
51056,5
51057,2
51058,5
51059,0
51060,2
51061,2
51062,1
51063,3
51064,5
51065,6
51066,6
51067,6
51068,3
51069,4
51070,5
51071,0
51072,0
51073,0
51074,2
51075,6
51076,0
51077,6
51078,0
51079,3
51080,3
51081,3
51082,6
51083,6
51084,2
51085,2
51086,2
51087,0
51088,1
51089,2
51090,5
51091,6
51092,5
51093,1
51094,0
51095,6
51096,5
51097,4
51098,3
51099,3
51100,2
51101,3
51102,3
51103,6
51104,2
51105,2
51106,5
51107,1
51108,2
51109,2
51110,5
51111,1
51112,5
51113,2
51114,2
51115,0
51116,5
51117,2
51118,2
51119,3
51120,5
51121,2
51122,4
51123,6
51124,4
51125,0
51126,6
51127,2
51128,1
51129,4
51130,6
51131,4
51132,2
51133,1
51134,0
51135,2
51136,3
51137,5
51138,3
51139,6
51140,1
51141,5
51142,6
51143,3
51144,1
51145,1
51146,5
51147,5
51148,4
51149,2
51150,1
51151,5
51152,5
51153,6
51154,3
51155,0
51156,3
51157,5
51158,3
51159,4
51160,5
51161,2
51162,1
51163,2
51164,5
51165,1
51166,2
51167,2
51168,6
51169,2
51170,1
51171,3
51172,6
51173,2
51174,6
51175,2
51176,2
51177,3
51178,3
51179,1
51180,5
51181,5
51182,6
51183,6
51184,2
51185,2
51186,1
51187,5
51188,2
51189,5
51190,3
51191,0
51192,5
51193,6
51194,5
51195,5
51196,0
51197,2
51198,1
51199,4
51200,5
51201,2
51202,1
51203,6
51204,3
51205,2
51206,2
51207,3
51208,1
51209,6
51210,2
51211,3
51212,5
51213,4
51214,6
51215,3
51216,4
51217,5
51218,5
51219,3
51220,3
51221,0
51222,5
51223,2
51224,0
51225,0
51226,3
51227,0
51228,4
51229,4
51230,3
51231,6
51232,0
51233,0
51234,2
51235,0
51236,0
51237,3
51238,6
51239,2
51240,4
51241,1
51242,3
51243,5
51244,4
51245,1
51246,4
51247,4
51248,1
51249,3
51250,2
51251,1
51252,2
51253,1
51254,2
51255,5
51256,2
51257,5
51258,3
51259,2
51260,4
51261,2
51262,4
51263,3
51264,3
51265,2
51266,6
51267,6
51268,3
51269,2
51270,1
51271,3
51272,0
51273,6
51274,0
51275,6
51276,2
51277,1
51278,2
51279,0
51280,6
51281,1
51282,0
51283,0
51284,2
51285,3
51286,4
51287,6
51288,4
51289,4
51290,0
51291,4
51292,5
51293,1
51294,5
51295,1
51296,5
51297,5
51298,0
51299,5
51300,6
51301,4
51302,6
51303,2
51304,6
51305,2
51306,2
51307,4
51308,2
51309,3
51310,2
51311,6
51312,5
51313,3
51314,2
51315,3
51316,3
51317,3
51318,1
51319,0
51320,0
51321,2
51322,1
51323,2
51324,6
51325,6
51326,3
51327,6
51328,5
51329,1
51330,3
51331,6
51332,1
51333,2
51334,6
51335,6
51336,4
51337,6
51338,3
51339,0
51340,4
51341,6
51342,3
51343,2
51344,6
51345,4
51346,2
51347,3
51348,2
51349,4
51350,4
51351,0
51352,4
51353,5
51354,2
51355,2
51356,1
51357,3
51358,2
51359,4
51360,1
51361,6
51362,6
51363,4
51364,1
51365,1
51366,5
51367,2
51368,2
51369,6
51370,2
51371,0
51372,0
51373,3
51374,3
51375,5
51376,2
51377,2
51378,0
51379,1
51380,6
51381,3
51382,4
51383,1
51384,0
51385,1
51386,3
51387,0
51388,6
51389,1
51390,0
51391,2
51392,6
51393,4
51394,3
51395,1
51396,2
51397,1
51398,4
51399,3
51400,3
51401,3
51402,3
51403,2
51404,1
51405,6
51406,3
51407,2
51408,2
51409,4
51410,2
51411,6
51412,2
51413,5
51414,3
51415,2
51416,1
51417,0
51418,5
51419,2
51420,5
51421,5
51422,6
51423,3
51424,2
51425,2
51426,5
51427,4
51428,6
51429,3
51430,6
51431,3
51432,1
51433,3
51434,5
51435,2
51436,4
51437,4
51438,5
51439,5
51440,5
51441,5
51442,0
51443,5
51444,1
51445,5
51446,1
51447,6
51448,2
51449,2
51450,4
51451,6
51452,2
51453,6
51454,3
51455,5
51456,1
51457,0
51458,2
51459,6
51460,2
51461,4
51462,0
51463,6
51464,0
51465,1
51466,5
51467,4
51468,6
51469,6
51470,4
51471,3
51472,2
51473,2
51474,4
51475,2
51476,4
51477,3
51478,5
51479,6
51480,3
51481,6
51482,0
51483,2
51484,4
51485,5
51486,2
51487,0
51488,1
51489,2
51490,6
51491,2
51492,1
51493,5
51494,4
51495,4
51496,4
51497,3
51498,3
51499,0
51500,4
51501,3
51502,2
51503,4
51504,5
51505,3
51506,0
51507,3
51508,5
51509,6
51510,4
51511,3
51512,3
51513,2
51514,3
51515,2
51516,1
51517,4
51518,2
51519,6
51520,2
51521,4
51522,4
51523,3
51524,2
51525,2
51526,2
51527,2
51528,4
51529,5
51530,6
51531,4
51532,6
51533,2
51534,3
51535,2
51536,6
51537,5
51538,2
51539,0
51540,2
51541,6
51542,5
51543,0
51544,2
51545,6
51546,0
51547,1
51548,4
51549,5
51550,2
51551,4
51552,0
51553,2
51554,1
51555,2
51556,5
51557,5
51558,4
51559,3
51560,4
51561,6
51562,0
51563,0
51564,6
51565,2
51566,2
51567,6
51568,4
51569,5
51570,2
51571,2
51572,4
51573,3
51574,1
51575,3
51576,2
51577,4
51578,4
51579,5
51580,3
51581,3
51582,2
51583,0
51584,5
51585,1
51586,6
51587,6
51588,6
51589,0
51590,4
51591,2
51592,2
51593,4
51594,5
51595,3
51596,1
51597,5
51598,2
51599,6
51600,3
51601,5
51602,3
51603,2
51604,4
51605,2
51606,4
51607,6
51608,6
51609,3
51610,6
51611,1
51612,1
51613,6
51614,4
51615,1
51616,2
51617,1
51618,6
51619,5
51620,5
51621,5
51622,2
51623,2
51624,0
51625,2
51626,5
51627,5
51628,3
51629,3
51630,3
51631,2
51632,4
51633,1
51634,5
51635,6
51636,3
51637,3
51638,4
51639,3
51640,2
51641,0
51642,2
51643,2
51644,3
51645,3
51646,1
51647,4
51648,5
51649,6
51650,2
51651,3
51652,4
51653,0
51654,4
51655,4
51656,2
51657,4
51658,3
51659,1
51660,6
51661,1
51662,3
51663,4
51664,2
51665,3
51666,1
51667,5
51668,0
51669,2
51670,6
51671,3
51672,4
51673,6
51674,1
51675,2
51676,2
51677,4
51678,3
51679,1
51680,2
51681,4
51682,2
51683,5
51684,4
51685,4
51686,2
51687,2
51688,3
51689,1
51690,6
51691,4
51692,6
51693,6
51694,2
51695,5
51696,2
51697,2
51698,1
51699,2
51700,0
51701,2
51702,6
51703,4
51704,4
51705,5
51706,5
51707,2
51708,5
51709,6
51710,2
51711,3
51712,1
51713,4
51714,1
51715,1
51716,5
51717,1
51718,3
51719,2
51720,0
51721,0
51722,2
51723,3
51724,0
51725,5
51726,1
51727,6
51728,0
51729,0
51730,4
51731,2
51732,5
51733,3
51734,4
51735,4
51736,2
51737,4
51738,6
51739,0
51740,2
51741,2
51742,4
51743,4
51744,2
51745,2
51746,0
51747,2
51748,5
51749,4
51750,2
51751,6
51752,2
51753,3
51754,1
51755,5
51756,4
51757,5
51758,4
51759,2
51760,4
51761,2
51762,2
51763,1
51764,2
51765,6
51766,2
51767,3
51768,0
51769,4
51770,3
51771,6
51772,3
51773,2
51774,5
51775,1
51776,2
51777,5
51778,3
51779,2
51780,0
51781,5
51782,0
51783,0
51784,4
51785,3
51786,1
51787,2
51788,6
51789,2
51790,1
51791,0
51792,3
51793,6
51794,3
51795,3
51796,6
51797,3
51798,6
51799,1
51800,3
51801,6
51802,2
51803,6
51804,1
51805,3
51806,6
51807,3
51808,5
51809,2
51810,5
51811,4
51812,6
51813,3
51814,6
51815,2
51816,3
51817,3
51818,2
51819,3
51820,3
51821,2
51822,3
51823,1
51824,1
51825,5
51826,0
51827,3
51828,1
51829,4
51830,2
51831,3
51832,5
51833,1
51834,6
51835,0
51836,6
51837,3
51838,3
51839,2
51840,5
51841,2
51842,3
51843,2
51844,3
51845,5
51846,5
51847,0
51848,5
51849,6
51850,4
51851,6
51852,5
51853,2
51854,0
51855,6
51856,1
51857,1
51858,6
51859,2
51860,2
51861,6
51862,2
51863,0
51864,2
51865,0
51866,4
51867,5
51868,2
51869,5
51870,1
51871,3
51872,2
51873,2
51874,6
51875,4
51876,1
51877,2
51878,4
51879,6
51880,2
51881,2
51882,3
51883,4
51884,0
51885,6
51886,1
51887,5
51888,3
51889,6
51890,6
51891,3
51892,5
51893,2
51894,5
51895,2
51896,1
51897,6
51898,4
51899,4
51900,3
51901,2
51902,6
51903,1
51904,6
51905,2
51906,2
51907,2
51908,6
51909,6
51910,6
51911,6
51912,4
51913,4
51914,6
51915,3
51916,5
51917,2
51918,1
51919,1
51920,1
51921,2
51922,2
51923,2
51924,5
51925,2
51926,0
51927,3
51928,4
51929,4
51930,3
51931,5
51932,4
51933,5
51934,2
51935,2
51936,2
51937,2
51938,2
51939,4
51940,4
51941,0
51942,4
51943,3
51944,2
51945,2
51946,3
51947,6
51948,2
51949,2
51950,0
51951,4
51952,2
51953,0
51954,2
51955,3
51956,3
51957,3
51958,2
51959,1
51960,5
51961,2
51962,2
51963,4
51964,2
51965,2
51966,2
51967,4
51968,5
51969,1
51970,5
51971,5
51972,2
51973,2
51974,5
51975,6
51976,5
51977,6
51978,1
51979,6
51980,4
51981,1
51982,4
51983,4
51984,6
51985,5
51986,6
51987,1
51988,0
51989,3
51990,4
51991,4
51992,2
51993,2
51994,1
51995,6
51996,2
51997,4
51998,4
51999,6
52000,3
52001,5
52002,4
52003,6
52004,1
52005,3
52006,2
52007,2
52008,1
52009,2
52010,4
52011,5
52012,2
52013,4
52014,2
52015,2
52016,4
52017,2
52018,2
52019,5
52020,1
52021,2
52022,3
52023,4
52024,5
52025,5
52026,2
52027,6
52028,6
52029,2
52030,1
52031,6
52032,2
52033,6
52034,5
52035,4
52036,2
52037,2
52038,5
52039,6
52040,3
52041,1
52042,6
52043,2
52044,2
52045,0
52046,2
52047,4
52048,2
52049,0
52050,2
52051,6
52052,6
52053,5
52054,3
52055,4
52056,2
52057,6
52058,4
52059,5
52060,1
52061,3
52062,2
52063,5
52064,3
52065,2
52066,2
52067,6
52068,1
52069,0
52070,1
52071,1
52072,6
52073,2
52074,6
52075,6
52076,3
52077,3
52078,2
52079,5
52080,0
52081,2
52082,2
52083,1
52084,1
52085,4
52086,4
52087,1
52088,6
52089,4
52090,1
52091,1
52092,2
52093,5
52094,6
52095,2
52096,5
52097,0
52098,2
52099,4
52100,3
52101,2
52102,2
52103,3
52104,3
52105,6
52106,6
52107,6
52108,5
52109,4
52110,5
52111,2
52112,2
52113,3
52114,5
52115,4
52116,2
52117,2
52118,4
52119,1
52120,2
52121,2
52122,2
52123,2
52124,2
52125,5
52126,0
52127,5
52128,2
52129,2
52130,2
52131,2
52132,2
52133,4
52134,2
52135,2
52136,3
52137,4
52138,2
52139,3
52140,1
52141,2
52142,6
52143,0
52144,4
52145,6
52146,6
52147,2
52148,6
52149,5
52150,4
52151,0
52152,6
52153,0
52154,0
52155,2
52156,4
52157,2
52158,2
52159,5
52160,5
52161,4
52162,1
52163,2
52164,4
52165,0
52166,6
52167,5
52168,4
52169,6
52170,3
52171,2
52172,4
52173,2
52174,4
52175,6
52176,3
52177,2
52178,0
52179,6
52180,2
52181,2
52182,2
52183,1
52184,6
52185,2
52186,6
52187,4
52188,6
52189,6
52190,2
52191,4
52192,6
52193,2
52194,2
52195,4
52196,3
52197,3
52198,5
52199,2
52200,6
52201,2
52202,4
52203,1
52204,3
52205,5
52206,3
52207,2
52208,2
52209,3
52210,6
52211,6
52212,2
52213,2
52214,4
52215,5
52216,4
52217,5
52218,3
52219,3
52220,6
52221,3
52222,1
52223,4
52224,0
52225,2
52226,5
52227,0
52228,2
52229,2
52230,4
52231,3
52232,0
52233,5
52234,4
52235,4
52236,4
52237,6
52238,5
52239,6
52240,3
52241,4
52242,6
52243,2
52244,4
52245,1
52246,3
52247,1
52248,2
52249,1
52250,1
52251,0
52252,0
52253,0
52254,0
52255,6
52256,4
52257,2
52258,5
52259,2
52260,2
52261,5
52262,4
52263,2
52264,1
52265,3
52266,5
52267,0
52268,5
52269,6
52270,0
52271,0
52272,5
52273,6
52274,4
52275,1
52276,3
52277,2
52278,6
52279,5
52280,0
52281,6
52282,6
52283,4
52284,2
52285,3
52286,2
52287,3
52288,0
52289,4
52290,3
52291,2
52292,5
52293,5
52294,0
52295,6
52296,2
52297,3
52298,5
52299,2
52300,1
52301,2
52302,6
52303,4
52304,2
52305,2
52306,4
52307,4
52308,4
52309,3
52310,3
52311,2
52312,0
52313,1
52314,3
52315,2
52316,1
52317,6
52318,3
52319,5
52320,2
52321,2
52322,6
52323,2
52324,3
52325,5
52326,6
52327,1
52328,5
52329,2
52330,4
52331,1
52332,2
52333,1
52334,3
52335,4
52336,2
52337,4
52338,2
52339,2
52340,2
52341,1
52342,2
52343,4
52344,1
52345,0
52346,6
52347,3
52348,5
52349,5
52350,0
52351,2
52352,4
52353,3
52354,5
52355,0
52356,5
52357,4
52358,4
52359,2
52360,4
52361,3
52362,2
52363,5
52364,0
52365,3
52366,3
52367,3
52368,3
52369,6
52370,3
52371,2
52372,2
52373,3
52374,6
52375,2
52376,1
52377,6
52378,6
52379,0
52380,0
52381,3
52382,2
52383,5
52384,6
52385,5
52386,6
52387,2
52388,2
52389,3
52390,2
52391,3
52392,2
52393,2
52394,5
52395,0
52396,4
52397,5
52398,6
52399,2
52400,2
52401,6
52402,6
52403,4
52404,5
52405,2
52406,2
52407,0
52408,2
52409,4
52410,4
52411,2
52412,1
52413,5
52414,4
52415,6
52416,1
52417,3
52418,0
52419,4
52420,0
52421,5
52422,2
52423,2
52424,0
52425,6
52426,4
52427,3
52428,2
52429,1
52430,1
52431,3
52432,3
52433,2
52434,1
52435,6
52436,3
52437,2
52438,4
52439,3
52440,4
52441,2
52442,3
52443,5
52444,2
52445,2
52446,6
52447,3
52448,5
52449,3
52450,3
52451,3
52452,1
52453,5
52454,6
52455,5
52456,3
52457,6
52458,2
52459,0
52460,2
52461,5
52462,2
52463,6
52464,0
52465,2
52466,5
52467,0
52468,2
52469,3
52470,3
52471,2
52472,0
52473,2
52474,4
52475,2
52476,1
52477,2
52478,3
52479,4
52480,4
52481,6
52482,6
52483,3
52484,5
52485,2
52486,2
52487,6
52488,1
52489,4
52490,0
52491,1
52492,1
52493,3
52494,0
52495,3
52496,2
52497,0
52498,4
52499,6
52500,1
52501,2
52502,5
52503,3
52504,1
52505,5
52506,5
52507,3
52508,1
52509,2
52510,3
52511,2
52512,4
52513,2
52514,2
52515,6
52516,4
52517,2
52518,5
52519,5
52520,6
52521,6
52522,2
52523,2
52524,4
52525,2
52526,6
52527,3
52528,1
52529,4
52530,2
52531,2
52532,6
52533,5
52534,0
52535,3
52536,2
52537,3
52538,6
52539,4
52540,3
52541,2
52542,3
52543,1
52544,6
52545,2
52546,5
52547,3
52548,1
52549,2
52550,3
52551,6
52552,0
52553,2
52554,6
52555,2
52556,5
52557,3
52558,4
52559,3
52560,0
52561,5
52562,2
52563,6
52564,6
52565,2
52566,6
52567,2
52568,5
52569,3
52570,4
52571,0
52572,5
52573,1
52574,2
52575,5
52576,2
52577,2
52578,6
52579,1
52580,5
52581,4
52582,6
52583,6
52584,3
52585,5
52586,1
52587,5
52588,2
52589,2
52590,3
52591,1
52592,2
52593,4
52594,2
52595,3
52596,4
52597,6
52598,6
52599,6
52600,2
52601,3
52602,0
52603,2
52604,2
52605,2
52606,5
52607,4
52608,4
52609,2
52610,5
52611,6
52612,2
52613,3
52614,2
52615,6
52616,2
52617,4
52618,5
52619,3
52620,2
52621,3
52622,1
52623,5
52624,2
52625,6
52626,5
52627,4
52628,3
52629,1
52630,3
52631,4
52632,2
52633,6
52634,1
52635,0
52636,1
52637,2
52638,2
52639,1
52640,3
52641,3
52642,6
52643,5
52644,4
52645,4
52646,3
52647,6
52648,2
52649,2
52650,4
52651,6
52652,1
52653,3
52654,0
52655,4
52656,2
52657,2
52658,3
52659,0
52660,0
52661,6
52662,2
52663,5
52664,3
52665,4
52666,2
52667,3
52668,6
52669,1
52670,4
52671,4
52672,4
52673,2
52674,5
52675,0
52676,0
52677,5
52678,3
52679,2
52680,2
52681,6
52682,2
52683,3
52684,5
52685,0
52686,4
52687,0
52688,2
52689,2
52690,6
52691,3
52692,2
52693,6
52694,2
52695,5
52696,0
52697,2
52698,4
52699,4
52700,5
52701,4
52702,1
52703,2
52704,0
52705,4
52706,3
52707,4
52708,0
52709,2
52710,3
52711,2
52712,2
52713,2
52714,4
52715,5
52716,5
52717,0
52718,6
52719,2
52720,2
52721,3
52722,4
52723,0
52724,4
52725,2
52726,5
52727,6
52728,3
52729,6
52730,4
52731,1
52732,2
52733,5
52734,3
52735,6
52736,2
52737,6
52738,6
52739,2
52740,6
52741,2
52742,1
52743,3
52744,2
52745,1
52746,4
52747,4
52748,2
52749,3
52750,2
52751,2
52752,6
52753,2
52754,2
52755,5
52756,0
52757,2
52758,1
52759,2
52760,1
52761,6
52762,4
52763,4
52764,5
52765,4
52766,3
52767,3
52768,0
52769,2
52770,6
52771,4
52772,2
52773,6
52774,2
52775,6
52776,6
52777,2
52778,3
52779,2
52780,3
52781,5
52782,1
52783,4
52784,3
52785,2
52786,1
52787,2
52788,6
52789,3
52790,4
52791,3
52792,6
52793,5
52794,5
52795,4
52796,4
52797,2
52798,3
52799,2
52800,2
52801,2
52802,4
52803,6
52804,2
52805,1
52806,0
52807,6
52808,6
52809,5
52810,0
52811,2
52812,0
52813,3
52814,6
52815,6
52816,5
52817,4
52818,4
52819,2
52820,5
52821,3
52822,0
52823,3
52824,0
52825,5
52826,6
52827,3
52828,2
52829,4
52830,5
52831,5
52832,4
52833,2
52834,2
52835,4
52836,2
52837,2
52838,0
52839,0
52840,2
52841,2
52842,4
52843,6
52844,3
52845,2
52846,1
52847,3
52848,5
52849,4
52850,6
52851,2
52852,2
52853,5
52854,1
52855,4
52856,2
52857,6
52858,6
52859,6
52860,5
52861,4
52862,4
52863,3
52864,6
52865,2
52866,4
52867,2
52868,2
52869,3
52870,5
52871,5
52872,4
52873,1
52874,4
52875,3
52876,2
52877,3
52878,2
52879,1
52880,4
52881,0
52882,5
52883,1
52884,4
52885,1
52886,5
52887,2
52888,2
52889,0
52890,5
52891,5
52892,3
52893,3
52894,1
52895,2
52896,5
52897,2
52898,6
52899,0
52900,2
52901,1
52902,2
52903,2
52904,2
52905,2
52906,3
52907,2
52908,3
52909,6
52910,3
52911,1
52912,4
52913,2
52914,0
52915,1
52916,6
52917,6
52918,0
52919,5
52920,2
52921,1
52922,3
52923,3
52924,6
52925,4
52926,2
52927,5
52928,6
52929,3
52930,4
52931,5
52932,2
52933,3
52934,1
52935,5
52936,2
52937,4
52938,1
52939,2
52940,4
52941,2
52942,0
52943,6
52944,6
52945,2
52946,5
52947,0
52948,3
52949,2
52950,6
52951,2
52952,3
52953,2
52954,1
52955,5
52956,6
52957,4
52958,6
52959,3
52960,5
52961,6
52962,2
52963,0
52964,5
52965,3
52966,3
52967,2
52968,0
52969,2
52970,0
52971,2
52972,2
52973,2
52974,6
52975,4
52976,3
52977,3
52978,3
52979,5
52980,2
52981,2
52982,3
52983,2
52984,0
52985,0
52986,5
52987,3
52988,0
52989,1
52990,1
52991,3
52992,2
52993,2
52994,2
52995,0
52996,2
52997,0
52998,2
52999,3
53000,1
53001,3
53002,0
53003,5
53004,0
53005,3
53006,6
53007,2
53008,2
53009,2
53010,0
53011,2
53012,2
53013,4
53014,3
53015,3
53016,0
53017,3
53018,5
53019,6
53020,0
53021,2
53022,5
53023,6
53024,5
53025,4
53026,1
53027,3
53028,6
53029,5
53030,2
53031,1
53032,2
53033,1
53034,4
53035,5
53036,6
53037,1
53038,6
53039,2
53040,6
53041,4
53042,2
53043,2
53044,5
53045,2
53046,3
53047,3
53048,3
53049,1
53050,2
53051,2
53052,6
53053,6
53054,1
53055,2
53056,4
53057,4
53058,1
53059,4
53060,6
53061,2
53062,2
53063,0
53064,6
53065,2
53066,2
53067,5
53068,5
53069,2
53070,2
53071,5
53072,2
53073,5
53074,6
53075,0
53076,5
53077,4
53078,2
53079,3
53080,3
53081,6
53082,2
53083,1
53084,5
53085,6
53086,4
53087,4
53088,2
53089,5
53090,3
53091,4
53092,6
53093,4
53094,4
53095,1
53096,2
53097,5
53098,6
53099,6
53100,1
53101,2
53102,5
53103,4
53104,0
53105,3
53106,1
53107,5
53108,1
53109,2
53110,6
53111,4
53112,0
53113,1
53114,1
53115,3
53116,0
53117,4
53118,6
53119,5
53120,1
53121,4
53122,1
53123,3
53124,1
53125,4
53126,6
53127,5
53128,6
53129,6
53130,6
53131,3
53132,5
53133,2
53134,3
53135,4
53136,1
53137,2
53138,5
53139,6
53140,2
53141,1
53142,6
53143,1
53144,6
53145,0
53146,6
53147,2
53148,2
53149,1
53150,5
53151,1
53152,2
53153,3
53154,2
53155,5
53156,0
53157,2
53158,1
53159,3
53160,2
53161,3
53162,4
53163,2
53164,3
53165,4
53166,3
53167,3
53168,4
53169,4
53170,5
53171,2
53172,2
53173,5
53174,1
53175,2
53176,6
53177,5
53178,4
53179,1
53180,5
53181,1
53182,3
53183,2
53184,4
53185,3
53186,4
53187,0
53188,1
53189,1
53190,2
53191,3
53192,1
53193,2
53194,2
53195,2
53196,4
53197,2
53198,2
53199,2
53200,0
53201,5
53202,5
53203,4
53204,1
53205,4
53206,2
53207,6
53208,2
53209,0
53210,5
53211,6
53212,4
53213,1
53214,6
53215,6
53216,0
53217,4
53218,0
53219,2
53220,6
53221,1
53222,4
53223,2
53224,5
53225,2
53226,0
53227,4
53228,5
53229,4
53230,2
53231,2
53232,4
53233,5
53234,6
53235,2
53236,2
53237,3
53238,2
53239,6
53240,3
53241,3
53242,2
53243,1
53244,3
53245,4
53246,1
53247,3
53248,4
53249,4
53250,3
53251,1
53252,2
53253,4
53254,0
53255,4
53256,2
53257,2
53258,3
53259,5
53260,4
53261,2
53262,2
53263,2
53264,3
53265,2
53266,5
53267,4
53268,4
53269,3
53270,3
53271,3
53272,1
53273,2
53274,4
53275,6
53276,1
53277,2
53278,4
53279,1
53280,4
53281,4
53282,2
53283,5
53284,5
53285,2
53286,6
53287,6
53288,5
53289,1
53290,6
53291,2
53292,2
53293,2
53294,2
53295,1
53296,2
53297,2
53298,6
53299,6
53300,2
53301,5
53302,2
53303,5
53304,2
53305,0
53306,5
53307,6
53308,4
53309,0
53310,2
53311,6
53312,4
53313,5
53314,2
53315,2
53316,2
53317,5
53318,6
53319,5
53320,2
53321,3
53322,2
53323,2
53324,5
53325,6
53326,5
53327,0
53328,2
53329,4
53330,2
53331,6
53332,4
53333,1
53334,2
53335,0
53336,6
53337,1
53338,5
53339,3
53340,2
53341,1
53342,2
53343,2
53344,4
53345,1
53346,3
53347,2
53348,5
53349,4
53350,4
53351,2
53352,5
53353,3
53354,2
53355,2
53356,4
53357,2
53358,2
53359,2
53360,6
53361,3
53362,5
53363,2
53364,6
53365,3
53366,3
53367,3
53368,6
53369,2
53370,6
53371,3
53372,3
53373,4
53374,6
53375,3
53376,3
53377,3
53378,3
53379,2
53380,0
53381,2
53382,3
53383,3
53384,6
53385,2
53386,2
53387,5
53388,0
53389,2
53390,4
53391,6
53392,3
53393,4
53394,6
53395,5
53396,2
53397,3
53398,2
53399,2
53400,0
53401,5
53402,1
53403,3
53404,0
53405,6
53406,0
53407,5
53408,2
53409,5
53410,5
53411,0
53412,2
53413,1
53414,2
53415,2
53416,2
53417,4
53418,5
53419,5
53420,3
53421,1
53422,4
53423,6
53424,3
53425,1
53426,1
53427,4
53428,2
53429,4
53430,2
53431,0
53432,5
53433,2
53434,3
53435,2
53436,4
53437,2
53438,0
53439,6
53440,5
53441,2
53442,6
53443,5
53444,5
53445,3
53446,5
53447,4
53448,5
53449,2
53450,5
53451,4
53452,2
53453,4
53454,5
53455,2
53456,2
53457,0
53458,2
53459,4
53460,0
53461,5
53462,2
53463,2
53464,2
53465,5
53466,6
53467,5
53468,1
53469,3
53470,2
53471,2
53472,2
53473,5
53474,5
53475,6
53476,2
53477,3
53478,3
53479,3
53480,2
53481,1
53482,0
53483,1
53484,2
53485,1
53486,5
53487,2
53488,5
53489,5
53490,6
53491,6
53492,5
53493,3
53494,2
53495,3
53496,4
53497,3
53498,5
53499,2
53500,5
53501,5
53502,5
53503,4
53504,1
53505,2
53506,1
53507,4
53508,6
53509,2
53510,5
53511,6
53512,2
53513,6
53514,0
53515,6
53516,3
53517,1
53518,1
53519,4
53520,2
53521,4
53522,1
53523,0
53524,3
53525,6
53526,3
53527,6
53528,1
53529,0
53530,1
53531,5
53532,2
53533,1
53534,4
53535,2
53536,5
53537,4
53538,4
53539,0
53540,2
53541,2
53542,3
53543,6
53544,2
53545,2
53546,0
53547,1
53548,1
53549,2
53550,6
53551,3
53552,0
53553,1
53554,3
53555,2
53556,2
53557,4
53558,0
53559,4
53560,1
53561,1
53562,1
53563,4
53564,2
53565,4
53566,2
53567,4
53568,0
53569,0
53570,3
53571,3
53572,0
53573,2
53574,5
53575,3
53576,3
53577,2
53578,4
53579,5
53580,3
53581,2
53582,3
53583,3
53584,0
53585,2
53586,3
53587,2
53588,0
53589,4
53590,2
53591,6
53592,2
53593,1
53594,1
53595,6
53596,6
53597,1
53598,2
53599,1
53600,2
53601,3
53602,0
53603,2
53604,0
53605,0
53606,2
53607,0
53608,2
53609,3
53610,3
53611,3
53612,4
53613,0
53614,1
53615,4
53616,3
53617,1
53618,2
53619,2
53620,5
53621,2
53622,1
53623,3
53624,3
53625,3
53626,1
53627,5
53628,5
53629,4
53630,2
53631,3
53632,1
53633,5
53634,0
53635,4
53636,3
53637,5
53638,6
53639,6
53640,2
53641,2
53642,5
53643,4
53644,2
53645,4
53646,0
53647,4
53648,5
53649,4
53650,6
53651,1
53652,2
53653,1
53654,5
53655,6
53656,0
53657,3
53658,2
53659,2
53660,0
53661,2
53662,5
53663,2
53664,5
53665,3
53666,3
53667,1
53668,2
53669,3
53670,6
53671,3
53672,3
53673,4
53674,2
53675,3
53676,3
53677,5
53678,4
53679,2
53680,5
53681,3
53682,0
53683,2
53684,2
53685,0
53686,4
53687,2
53688,3
53689,5
53690,2
53691,6
53692,3
53693,6
53694,5
53695,1
53696,4
53697,6
53698,2
53699,2
53700,3
53701,3
53702,4
53703,5
53704,3
53705,0
53706,5
53707,3
53708,5
53709,6
53710,2
53711,6
53712,4
53713,0
53714,4
53715,5
53716,3
53717,5
53718,3
53719,5
53720,5
53721,5
53722,6
53723,1
53724,3
53725,6
53726,5
53727,5
53728,2
53729,0
53730,0
53731,6
53732,6
53733,2
53734,2
53735,2
53736,3
53737,6
53738,6
53739,5
53740,3
53741,6
53742,2
53743,1
53744,5
53745,2
53746,4
53747,3
53748,1
53749,6
53750,2
53751,5
53752,3
53753,2
53754,5
53755,2
53756,6
53757,3
53758,2
53759,2
53760,6
53761,0
53762,6
53763,0
53764,2
53765,0
53766,5
53767,2
53768,0
53769,2
53770,5
53771,6
53772,3
53773,3
53774,1
53775,5
53776,2
53777,0
53778,6
53779,6
53780,1
53781,5
53782,1
53783,2
53784,2
53785,6
53786,2
53787,6
53788,3
53789,6
53790,3
53791,1
53792,6
53793,4
53794,5
53795,2
53796,3
53797,5
53798,5
53799,5
53800,3
53801,6
53802,6
53803,6
53804,1
53805,0
53806,5
53807,1
53808,1
53809,1
53810,0
53811,2
53812,6
53813,2
53814,3
53815,4
53816,1
53817,6
53818,2
53819,6
53820,0
53821,6
53822,2
53823,2
53824,2
53825,1
53826,3
53827,2
53828,2
53829,5
53830,3
53831,3
53832,1
53833,3
53834,2
53835,6
53836,1
53837,2
53838,0
53839,3
53840,6
53841,1
53842,2
53843,3
53844,2
53845,2
53846,4
53847,1
53848,1
53849,5
53850,6
53851,6
53852,1
53853,0
53854,3
53855,3
53856,3
53857,1
53858,1
53859,3
53860,2
53861,2
53862,5
53863,0
53864,2
53865,1
53866,2
53867,3
53868,2
53869,6
53870,4
53871,0
53872,2
53873,5
53874,2
53875,6
53876,0
53877,6
53878,3
53879,6
53880,1
53881,3
53882,1
53883,5
53884,5
53885,5
53886,2
53887,0
53888,0
53889,2
53890,1
53891,0
53892,2
53893,2
53894,0
53895,2
53896,2
53897,1
53898,5
53899,6
53900,1
53901,2
53902,2
53903,1
53904,1
53905,1
53906,3
53907,2
53908,0
53909,3
53910,0
53911,1
53912,2
53913,5
53914,3
53915,0
53916,3
53917,3
53918,3
53919,1
53920,2
53921,3
53922,2
53923,3
53924,3
53925,2
53926,1
53927,0
53928,3
53929,0
53930,2
53931,2
53932,1
53933,2
53934,1
53935,3
53936,2
53937,1
53938,0
53939,2
53940,3
53941,2
53942,2
53943,1
53944,1
53945,1
53946,3
53947,0
53948,3
53949,1
53950,1
53951,1
53952,1
53953,3
53954,3
53955,4
53956,1
53957,3
53958,1
53959,1
53960,3
53961,1
53962,2
53963,3
53964,6
53965,1
53966,0
53967,2
53968,2
53969,2
53970,0
53971,2
53972,3
53973,1
53974,6
53975,0
53976,3
53977,2
53978,3
53979,3
53980,2
53981,2
53982,2
53983,3
53984,5
53985,1
53986,3
53987,2
53988,2
53989,1
53990,6
53991,3
53992,2
53993,3
53994,3
53995,3
53996,0
53997,3
53998,3
53999,3
54000,0
54001,0
54002,3
54003,1
54004,3
54005,2
54006,3
54007,1
54008,0
54009,2
54010,3
54011,3
54012,3
54013,3
54014,0
54015,2
54016,3
54017,0
54018,0
54019,2
54020,2
54021,0
54022,3
54023,1
54024,0
54025,3
54026,6
54027,2
54028,0
54029,0
54030,3
54031,2
54032,0
54033,0
54034,2
54035,3
54036,0
54037,1
54038,2
54039,1
54040,2
54041,2
54042,3
54043,3
54044,2
54045,2
54046,2
54047,1
54048,2
54049,0
54050,3
54051,3
54052,3
54053,2
54054,2
54055,0
54056,3
54057,3
54058,2
54059,3
54060,2
54061,2
54062,2
54063,1
54064,1
54065,0
54066,2
54067,2
54068,2
54069,2
54070,2
54071,0
54072,0
54073,0
54074,2
54075,0
54076,2
54077,1
54078,3
54079,2
54080,0
54081,2
54082,1
54083,3
54084,1
54085,2
54086,2
54087,2
54088,3
54089,2
54090,3
54091,0
54092,1
54093,0
54094,0
54095,3
54096,2
54097,2
54098,2
54099,2
54100,2
54101,2
54102,3
54103,2
54104,2
54105,5
54106,3
54107,0
54108,3
54109,1
54110,3
54111,2
54112,0
54113,2
54114,2
54115,2
54116,1
54117,3
54118,1
54119,2
54120,2
54121,3
54122,0
54123,1
54124,0
54125,1
54126,0
54127,2
54128,2
54129,1
54130,2
54131,0
54132,3
54133,0
54134,3
54135,2
54136,3
54137,2
54138,2
54139,3
54140,2
54141,3
54142,0
54143,2
54144,3
54145,3
54146,2
54147,0
54148,2
54149,3
54150,1
54151,2
54152,2
54153,2
54154,1
54155,1
54156,2
54157,2
54158,2
54159,0
54160,2
54161,5
54162,1
54163,2
54164,0
54165,1
54166,3
54167,2
54168,3
54169,1
54170,6
54171,1
54172,2
54173,1
54174,1
54175,2
54176,3
54177,3
54178,1
54179,1
54180,1
54181,0
54182,6
54183,2
54184,1
54185,1
54186,1
54187,1
54188,1
54189,3
54190,3
54191,3
54192,1
54193,3
54194,2
54195,2
54196,3
54197,1
54198,2
54199,2
54200,2
54201,1
54202,5
54203,2
54204,1
54205,1
54206,0
54207,4
54208,3
54209,1
54210,2
54211,3
54212,1
54213,2
54214,2
54215,1
54216,5
54217,4
54218,0
54219,2
54220,1
54221,0
54222,3
54223,0
54224,3
54225,3
54226,1
54227,1
54228,2
54229,3
54230,2
54231,4
54232,3
54233,2
54234,0
54235,2
54236,2
54237,2
54238,1
54239,0
54240,2
54241,3
54242,1
54243,2
54244,1
54245,1
54246,0
54247,0
54248,3
54249,0
54250,2
54251,2
54252,3
54253,2
54254,3
54255,0
54256,0
54257,0
54258,1
54259,3
54260,3
54261,1
54262,1
54263,3
54264,3
54265,1
54266,2
54267,0
54268,3
54269,3
54270,5
54271,2
54272,0
54273,2
54274,2
54275,0
54276,1
54277,1
54278,2
54279,3
54280,1
54281,1
54282,3
54283,2
54284,3
54285,3
54286,3
54287,1
54288,3
54289,3
54290,0
54291,0
54292,1
54293,1
54294,3
54295,1
54296,2
54297,2
54298,1
54299,1
54300,3
54301,3
54302,3
54303,0
54304,0
54305,6
54306,2
54307,3
54308,0
54309,2
54310,2
54311,3
54312,1
54313,1
54314,2
54315,0
54316,0
54317,2
54318,2
54319,0
54320,2
54321,1
54322,2
54323,3
54324,0
54325,0
54326,1
54327,1
54328,2
54329,3
54330,1
54331,3
54332,3
54333,2
54334,1
54335,2
54336,1
54337,3
54338,2
54339,3
54340,3
54341,3
54342,3
54343,6
54344,2
54345,3
54346,3
54347,3
54348,1
54349,3
54350,1
54351,3
54352,1
54353,2
54354,1
54355,2
54356,2
54357,0
54358,0
54359,2
54360,1
54361,0
54362,3
54363,2
54364,1
54365,2
54366,2
54367,0
54368,2
54369,3
54370,1
54371,2
54372,2
54373,1
54374,2
54375,2
54376,2
54377,0
54378,1
54379,0
54380,3
54381,0
54382,3
54383,0
54384,1
54385,4
54386,3
54387,2
54388,1
54389,0
54390,1
54391,3
54392,1
54393,3
54394,3
54395,1
54396,3
54397,1
54398,3
54399,1
54400,2
54401,2
54402,3
54403,2
54404,0
54405,1
54406,2
54407,2
54408,2
54409,2
54410,2
54411,3
54412,2
54413,3
54414,3
54415,1
54416,6
54417,1
54418,2
54419,0
54420,0
54421,2
54422,1
54423,3
54424,2
54425,1
54426,2
54427,0
54428,1
54429,2
54430,0
54431,0
54432,3
54433,1
54434,3
54435,1
54436,2
54437,0
54438,2
54439,3
54440,3
54441,2
54442,3
54443,1
54444,2
54445,2
54446,2
54447,3
54448,3
54449,3
54450,0
54451,1
54452,3
54453,3
54454,1
54455,4
54456,3
54457,0
54458,6
54459,1
54460,2
54461,3
54462,3
54463,6
54464,2
54465,3
54466,2
54467,3
54468,3
54469,3
54470,2
54471,3
54472,1
54473,0
54474,2
54475,3
54476,2
54477,2
54478,0
54479,0
54480,2
54481,1
54482,2
54483,1
54484,2
54485,3
54486,2
54487,1
54488,2
54489,1
54490,2
54491,3
54492,2
54493,3
54494,2
54495,6
54496,2
54497,3
54498,2
54499,2
54500,3
54501,3
54502,3
54503,3
54504,3
54505,0
54506,3
54507,2
54508,1
54509,3
54510,6
54511,2
54512,3
54513,2
54514,2
54515,2
54516,2
54517,3
54518,3
54519,2
54520,3
54521,3
54522,2
54523,3
54524,2
54525,3
54526,6
54527,2
54528,2
54529,2
54530,3
54531,3
54532,3
54533,3
54534,2
54535,2
54536,3
54537,2
54538,2
54539,2
54540,3
54541,3
54542,2
54543,2
54544,6
54545,2
54546,2
54547,3
54548,2
54549,3
54550,3
54551,5
54552,6
54553,2
54554,3
54555,3
54556,2
54557,3
54558,2
54559,2
54560,1
54561,2
54562,2
54563,1
54564,6
54565,2
54566,2
54567,2
54568,3
54569,2
54570,6
54571,3
54572,3
54573,2
54574,2
54575,2
54576,5
54577,2
54578,3
54579,2
54580,2
54581,2
54582,5
54583,2
54584,0
54585,5
54586,2
54587,6
54588,2
54589,2
54590,6
54591,3
54592,2
54593,6
54594,0
54595,3
54596,5
54597,2
54598,5
54599,6
54600,2
54601,3
54602,2
54603,2
54604,1
54605,2
54606,2
54607,3
54608,1
54609,0
54610,2
54611,6
54612,2
54613,2
54614,6
54615,2
54616,1
54617,3
54618,3
54619,6
54620,4
54621,2
54622,3
54623,1
54624,2
54625,2
54626,1
54627,2
54628,2
54629,2
54630,3
54631,1
54632,2
54633,5
54634,2
54635,2
54636,2
54637,2
54638,2
54639,1
54640,1
54641,2
54642,2
54643,1
54644,2
54645,5
54646,2
54647,2
54648,2
54649,2
54650,2
54651,2
54652,2
54653,3
54654,6
54655,2
54656,3
54657,2
54658,4
54659,2
54660,3
54661,2
54662,2
54663,2
54664,2
54665,2
54666,2
54667,2
54668,2
54669,2
54670,2
54671,2
54672,2
54673,2
54674,2
54675,3
54676,2
54677,2
54678,3
54679,3
54680,2
54681,3
54682,1
54683,2
54684,2
54685,2
54686,0
54687,3
54688,1
54689,2
54690,2
54691,2
54692,2
54693,2
54694,3
54695,2
54696,2
54697,2
54698,2
54699,3
54700,5
54701,2
54702,2
54703,2
54704,2
54705,2
54706,2
54707,2
54708,2
54709,2
54710,2
54711,2
54712,1
54713,2
54714,5
54715,2
54716,2
54717,1
54718,2
54719,3
54720,2
54721,6
54722,2
54723,2
54724,2
54725,3
54726,2
54727,2
54728,2
54729,1
54730,3
54731,2
54732,2
54733,2
54734,1
54735,2
54736,1
54737,3
54738,2
54739,2
54740,2
54741,2
54742,1
54743,2
54744,2
54745,3
54746,2
54747,2
54748,2
54749,3
54750,2
54751,2
54752,6
54753,2
54754,6
54755,2
54756,2
54757,1
54758,1
54759,2
54760,3
54761,2
54762,2
54763,2
54764,1
54765,2
54766,2
54767,3
54768,2
54769,2
54770,2
54771,6
54772,6
54773,2
54774,1
54775,1
54776,4
54777,2
54778,3
54779,2
54780,3
54781,2
54782,6
54783,2
54784,2
